Data de emissăo	Pedido	Razăo social (Nome) - Cliente (Pedido)	Item	Descriçăo do item	Subgrupo (Código) - Item	Descriçăo - Família de itens (Item)	Qtde. solicitada	Qtde. cancelada	Qtde. faturada	Valor unitário	Data de previsăo de faturamento - Pedido	Impostos dos itens dos pedidos - Valor ICMS destinatário	Valor do ICMS - Impostos dos itens dos pedidos	Valor do PIS - Impostos dos itens dos pedidos	Valor de COFINS - Impostos dos itens dos pedidos	Preço de custo - Item	Custo de matéria-prima - Item	Gastos gerais de fabricaçăo	Custo da măo de obra - Item	Estado (Sigla) - Cliente (Pedido)	Representante - Razăo social (Representante)	Cliente - Data de cadastro	Família de clientes
06/01/2026	4450	V. FAIR TRADE COMERCIO E EXPORTACAO DE CALCADOS E ACESSORIOS LTDA	100028.0012	BANCO LIBRE SETOR CONCAVO GR R7016 FOSC MICR PE ARC GR R7016 FOSC MICR	101	LIBRE	2,0000	0,0000	2,0000	13600,6970	26/02/2026	0,00	3370,25	393,21	1811,17	0,000000	2679,5400	0,0000	0,0000	SP	METALCO DO BRASIL LTDA	06/01/2026	OUTRAS INDUSTRIAS
06/01/2026	4450	V. FAIR TRADE COMERCIO E EXPORTACAO DE CALCADOS E ACESSORIOS LTDA	100028.0013	BANCO LIBRE SETOR CONVEXO GR R7016 FOSC MICR PE ARC GR R7016 FOSC MICR	101	LIBRE	2,0000	0,0000	2,0000	13600,6970	26/02/2026	0,00	3370,25	393,21	1811,17	0,000000	4257,8650	0,0000	0,0000	SP	METALCO DO BRASIL LTDA	06/01/2026	OUTRAS INDUSTRIAS
08/01/2026	4459	ARCOS DOURADOS COMERCIO DE ALIMENTOS SA	100189.0018	LIXEIRA BOX WOOD 50 L GR R7016 FOSC MICR MAD REFL CASTA DECK	102	BOX	1,0000	0,0000	1,0000	1648,0000	30/01/2026	0,00	121,13	25,19	116,04	0,000000	1133,7500	0,0000	0,0000	MA	METALCO DO BRASIL LTDA	14/08/2023	REDES NACIONAIS
08/01/2026	4458	SECRETARIA DE ESTADO DE TRANSPORTE E MOBILIDADE DO DISTRITO FEDERAL	ADM-0043	PRESTACAO DE SERVICO DE MONTAGEM	10	SERVICO	1,0000	0,0000	0,0000	570840,0000	30/04/2026	0,00	0,00	9418,86	43383,84	0,000000	0,0000	0,0000	0,0000	DF	J. FLEURY REPRESENTACAO DE MOVEIS CORPORATIVOS LTDA	13/05/2025	ORGAO PUBLICO ESTADUAL
08/01/2026	4452	FRANCA PINTO EMPREENDIMENTOS IMOBILIARIOS LTDA	500482.0001	BEBEDOURO FUENTE PT S/TIGELA GR R7016 FOSC MICR C/FILTRO	109	FUENTE	2,0000	0,0000	2,0000	4557,0823	18/02/2026	700,23	1148,38	119,88	552,18	0,000000	1158,0300	0,0000	0,0000	SP	METALCO DO BRASIL LTDA	08/01/2026	CONSTRUTORAS/INCORPORADORAS
08/01/2026	4452	FRANCA PINTO EMPREENDIMENTOS IMOBILIARIOS LTDA	100230.0013	LIXEIRA BOX IRON 100 L GRAFITE R7016 PORTA GRAFITE R7016	102	BOX	2,0000	0,0000	2,0000	3350,8877	18/02/2026	514,89	844,42	88,15	406,03	0,000000	992,5650	0,0000	0,0000	SP	METALCO DO BRASIL LTDA	08/01/2026	CONSTRUTORAS/INCORPORADORAS
08/01/2026	4454	MB3 ENGENHARIA LTDA	100010.0026	BICICLETARIO SPYRA 6 PT R9006 FOSC MICR	103	SPYRA	1,0000	0,0000	1,0000	2312,0082	28/01/2026	0,00	291,31	33,34	153,57	0,000000	583,5800	0,0000	0,0000	SP	METALCO DO BRASIL LTDA	08/01/2026	CONSTRUTORAS/INCORPORADORAS
08/01/2026	4456	ARCOS DOURADOS COMERCIO DE ALIMENTOS SA	100189.0018	LIXEIRA BOX WOOD 50 L GR R7016 FOSC MICR MAD REFL CASTA DECK	102	BOX	1,0000	0,0000	1,0000	1648,0000	30/01/2026	0,00	121,13	25,19	116,04	0,000000	1133,7500	0,0000	0,0000	MA	METALCO DO BRASIL LTDA	08/01/2026	REDES NACIONAIS
08/01/2026	4461	SPE THS EMPREENDIMENTO IMOBILIARIO LTDA	300150.0001	BANCO DOLOMITI B - 1800MM CT CZ VERNIZ MAD REFL CASTA DECK	301	DOLOMITI	11,0000	0,0000	0,0000	2053,3527	30/04/2026	0,00	3839,77	309,33	1424,78	0,000000	1102,7581	0,0000	160,0500	RS	HUBB SERVICOS DE INSTALACOES E MONTAGENS LTDA	08/01/2026	CONSTRUTORAS/INCORPORADORAS
08/01/2026	4461	SPE THS EMPREENDIMENTO IMOBILIARIO LTDA	300017.0004	FLOREIRA CRISTINA A 1500 X 560 CT CZ VERNIZ	302	CRISTINA	3,0000	0,0000	3,0000	3621,1622	30/04/2026	0,00	1846,79	148,78	685,27	0,000000	464,4589	0,0000	271,0125	RS	HUBB SERVICOS DE INSTALACOES E MONTAGENS LTDA	08/01/2026	CONSTRUTORAS/INCORPORADORAS
08/01/2026	4461	SPE THS EMPREENDIMENTO IMOBILIARIO LTDA	300013.0004	FLOREIRA CLASSICA 570 CT CZ VERNIZ	302	CLASSICA	9,0000	0,0000	9,0000	1334,7972	30/04/2026	0,00	2042,24	164,52	757,79	0,000000	69,9341	0,0000	221,2550	RS	HUBB SERVICOS DE INSTALACOES E MONTAGENS LTDA	08/01/2026	CONSTRUTORAS/INCORPORADORAS
08/01/2026	4461	SPE THS EMPREENDIMENTO IMOBILIARIO LTDA	300125.0003	BANCO STONE M CT CZ VERNIZ	301	STONE	1,0000	0,0000	1,0000	4631,5866	30/04/2026	0,00	787,37	63,43	292,16	0,000000	869,8750	0,0000	233,7400	RS	HUBB SERVICOS DE INSTALACOES E MONTAGENS LTDA	08/01/2026	CONSTRUTORAS/INCORPORADORAS
08/01/2026	4461	SPE THS EMPREENDIMENTO IMOBILIARIO LTDA	300124.0003	BANCO STONE P CT CZ VERNIZ	301	STONE	3,0000	0,0000	3,0000	3992,0159	30/04/2026	0,00	2035,93	164,01	755,45	0,000000	496,1992	0,0000	193,7300	RS	HUBB SERVICOS DE INSTALACOES E MONTAGENS LTDA	08/01/2026	CONSTRUTORAS/INCORPORADORAS
08/01/2026	4461	SPE THS EMPREENDIMENTO IMOBILIARIO LTDA	200015.0010	BANCO IDEA L C - 1800MM COM ENCOSTO PR R9005 FOSC MICR CASTA DECK	201	IDEA	4,0000	0,0000	4,0000	7266,6530	30/04/2026	0,00	5101,92	395,42	1821,32	0,000000	1877,0175	0,0000	0,0000	RS	HUBB SERVICOS DE INSTALACOES E MONTAGENS LTDA	08/01/2026	CONSTRUTORAS/INCORPORADORAS
08/01/2026	4461	SPE THS EMPREENDIMENTO IMOBILIARIO LTDA	100190.0024	LIXEIRA BOX WOOD B - 100 L PR 9005 FM MAD REFL CASTA DECK	102	BOX	3,0000	0,0000	3,0000	3969,7453	30/04/2026	0,00	2125,80	161,43	743,54	0,000000	929,9933	0,0000	0,0000	RS	HUBB SERVICOS DE INSTALACOES E MONTAGENS LTDA	08/01/2026	CONSTRUTORAS/INCORPORADORAS
08/01/2026	4463	OBRA PRONTA - PROJETOS E EXECUCOES DE ENGENHARIA LTDA.	300096.0005	BANCO VENEZIA 1900 MM CT CZ VERNIZ	301	VENEZIA	18,0000	0,0000	18,0000	1357,5690	24/02/2026	0,00	4154,16	334,65	1541,44	0,000000	207,6771	0,0000	206,8000	RS	VENDEDOR INTERNO - 3	08/01/2026	CONSTRUTORAS/INCORPORADORAS
08/01/2026	4463	OBRA PRONTA - PROJETOS E EXECUCOES DE ENGENHARIA LTDA.	100056.0007	LIXEIRA BRAVO ECONOMICA DUPLA PR R9005 FOSC MICR PR 9005 FM PR 9005 FM	102	BRAVO	29,0000	0,0000	29,0000	1704,9510	24/02/2026	0,00	8825,68	670,20	3086,96	0,000000	481,0665	0,0000	0,0000	RS	VENDEDOR INTERNO - 3	08/01/2026	CONSTRUTORAS/INCORPORADORAS
12/01/2026	4465	OMP DO BRASIL	500101	BASE MOBILE CINZA SEM SAIDA ELETRICA PRONTA	399	OUTROS	1,0000	0,0000	1,0000	94,1838	20/02/2026	0,00	11,30	1,37	6,30	0,000000	26,5181	0,0000	49,1500	RS	METALCO DO BRASIL LTDA	23/11/2015	INDUSTRIA DE MÓVEIS CORPORATIV
12/01/2026	4464	SENAC-MT	500904.0002	DEMETRA H AZUL RAL 5010 CT CZ VERNIZ	301	DEMETRA	8,0000	0,0000	8,0000	7021,3000	19/01/2026	6767,52	3931,93	750,27	3455,79	0,000000	845,9433	0,0000	250,5400	MT	SISTEMAS RJB REPRESENTACOES LTDA	29/04/2025	ORGAO PUBLICO FEDERAL
14/01/2026	4468	LEGNA REPRESENTACAO COMERCIAL LTDA	100055.0007	LIXEIRA BRAVO ECONOMICA SIMPLES GR R7016 FOSC MICR GR 7016 FM CONCRET.	102	BRAVO	20,0000	0,0000	20,0000	507,3084	23/02/2026	0,00	710,23	155,69	717,13	0,000000	492,6735	0,0000	0,0000	PE	LEGNA REPRESENTACAO COMERCIAL LTDA	11/08/2023	DISTRIBUIDOR AUTORIZADO BLACK
14/01/2026	4469	SLM CONSTRUCOES E SERVICOS SUSTENTAVEIS LTDA	100010.0017	BICICLETARIO SPYRA 6 LA R2004 FOSC MICR	103	SPYRA	2,0000	0,0000	2,0000	2164,9056	09/02/2026	0,00	545,56	62,44	287,60	0,000000	935,0800	0,0000	0,0000	SC	VENDEDOR INTERNO - 3	29/04/2024	CONSTRUTORAS/INCORPORADORAS
14/01/2026	4472	CYRELA SUL 024 EMPREENDIMENTOS IMOBILIARIOS SPE LTDA	300203.0001	LIXEIRA DOHA ACESSIVEL CT CZ VERNIZ	305	DOHA	18,0000	0,0000	0,0000	1227,8357	20/04/2026	0,00	3757,18	302,67	1394,13	0,000000	356,2451	0,0000	262,6600	RS	HUBB SERVICOS DE INSTALACOES E MONTAGENS LTDA	28/01/2025	CONSTRUTORAS/INCORPORADORAS
14/01/2026	4471	CYRELA SUL 025 EMPREENDIMENTOS IMOBILIARIOS SPE LTDA	300203.0001	LIXEIRA DOHA ACESSIVEL CT CZ VERNIZ	305	DOHA	23,0000	0,0000	0,0000	1227,8358	20/04/2026	0,00	4800,84	386,75	1781,39	0,000000	356,2451	0,0000	262,6600	RS	HUBB SERVICOS DE INSTALACOES E MONTAGENS LTDA	30/04/2025	CONSTRUTORAS/INCORPORADORAS
16/01/2026	4479	PARK ADMINISTRADORA DE BENS LTDA	300010.0023	BANCO SARAH CT CZ VERNIZ	301	SARAH	6,0000	0,0000	6,0000	1894,5280	15/07/2026	568,36	1364,06	155,67	717,04	0,000000	408,4009	0,0000	162,2100	SC	VENDEDOR INTERNO - 3	14/01/2026	
16/01/2026	4476	L S ENGENHARIA E CONSTRUTORA LTDA	100011.0022	BEBEDOURO FUENTE GR R7016 FOSC MICR C/FILTRO	109	FUENTE	3,0000	0,0000	3,0000	3057,9600	11/02/2026	1160,55	674,28	121,09	557,77	0,000000	1389,9400	0,0000	0,0000	ES	VENDEDOR INTERNO - 3	16/01/2026	CONSTRUTORAS/INCORPORADORAS
19/01/2026	4487	CONSTRUTORA OLIVEIRA LTDA	300010.0024	BANCO SARAH CT CZ VERNIZ	301	SARAH	25,0000	0,0000	25,0000	1682,1106	10/02/2026	0,00	5046,33	610,61	2812,49	0,000000	408,4009	0,0000	208,2600	SC	VENDEDOR INTERNO - 3	16/02/2021	CONSTRUTORAS/INCORPORADORAS
19/01/2026	4488	GIORDANI TURISMO LTDA	100034.0056	LIXEIRA SPENCER ACO CORTEIN ACO CORTEIN	102	SPENCER	2,0000	0,0000	2,0000	1304,2798	27/02/2026	0,00	465,63	35,36	162,86	0,000000	720,6700	0,0000	0,0000	RS	HUBB SERVICOS DE INSTALACOES E MONTAGENS LTDA	21/10/2025	OUTROS CONSUM. FINAIS PESSOA J
19/01/2026	4482	VOKKAN RESERVA II URBANISMO SPE LTDA	300214.0003	KORE A CT CZ HIDROR	301	KORE	2,0000	0,0000	0,0000	7436,2500	01/06/2026	743,63	1784,70	203,68	938,16	0,000000	19,2171	0,0000	18,7500	SC	VENDEDOR INTERNO - 3	19/01/2026	CONSTRUTORAS/INCORPORADORAS
19/01/2026	4482	VOKKAN RESERVA II URBANISMO SPE LTDA	300216.0002	KORE C CT CZ HIDROR	301	KORE	2,0000	0,0000	0,0000	8463,0000	01/06/2026	846,30	2031,12	231,80	1067,69	0,000000	789,2171	0,0000	18,7500	SC	VENDEDOR INTERNO - 3	19/01/2026	CONSTRUTORAS/INCORPORADORAS
19/01/2026	4482	VOKKAN RESERVA II URBANISMO SPE LTDA	300215.0002	KORE B CT CZ HIDROR	301	KORE	2,0000	0,0000	0,0000	8463,0000	01/06/2026	846,30	2031,12	231,80	1067,69	0,000000	789,2171	0,0000	18,7500	SC	VENDEDOR INTERNO - 3	19/01/2026	CONSTRUTORAS/INCORPORADORAS
19/01/2026	4482	VOKKAN RESERVA II URBANISMO SPE LTDA	300110.0003	BANCO STONE G CT CZ HIDROR	301	STONE	8,0000	0,0000	8,0000	3249,0499	01/06/2026	1299,62	3119,09	355,97	1639,60	0,000000	1145,6144	0,0000	290,3000	SC	VENDEDOR INTERNO - 3	19/01/2026	CONSTRUTORAS/INCORPORADORAS
19/01/2026	4482	VOKKAN RESERVA II URBANISMO SPE LTDA	300200.0002	BANCO NOVA RECIFE M CT CZ HIDROR	301	ITENS ESPECIAIS	4,0000	0,0000	4,0000	913,1114	01/06/2026	182,62	438,29	50,02	230,40	0,000000	148,1263	0,0000	139,4500	SC	VENDEDOR INTERNO - 3	19/01/2026	CONSTRUTORAS/INCORPORADORAS
19/01/2026	4482	VOKKAN RESERVA II URBANISMO SPE LTDA	300199.0002	BANCO NOVA RECIFE P CT CZ HIDROR	301	ITENS ESPECIAIS	4,0000	0,0000	4,0000	512,0472	01/06/2026	102,41	245,78	28,05	129,20	0,000000	93,4425	0,0000	126,4000	SC	VENDEDOR INTERNO - 3	19/01/2026	CONSTRUTORAS/INCORPORADORAS
19/01/2026	4482	VOKKAN RESERVA II URBANISMO SPE LTDA	300172.0003	BANCO FLO C/ ASSENTO DE MADEIRA CT CZ HIDROR	301	PRODUTOS EXCLUSIVOS	6,0000	0,0000	6,0000	2607,7500	01/06/2026	782,33	1877,58	214,28	986,98	0,000000	1158,2771	0,0000	236,2500	SC	VENDEDOR INTERNO - 3	19/01/2026	CONSTRUTORAS/INCORPORADORAS
19/01/2026	4482	VOKKAN RESERVA II URBANISMO SPE LTDA	200067.0009	MESA AIR L CORTEIN MAD REFL INCO UV GL	202	AIR/PIC NIC	4,0000	0,0000	4,0000	7652,6016	01/06/2026	1580,26	3792,63	416,42	1918,05	0,000000	4972,7000	0,0000	0,0000	SC	VENDEDOR INTERNO - 3	19/01/2026	CONSTRUTORAS/INCORPORADORAS
19/01/2026	4482	VOKKAN RESERVA II URBANISMO SPE LTDA	300088.0006	BANCO RIVOLA CT CZ HIDROR	301	RIVOLA	11,0000	0,0000	11,0000	1765,3806	01/06/2026	970,96	2330,30	265,95	1224,96	0,000000	716,7284	0,0000	323,3500	SC	VENDEDOR INTERNO - 3	19/01/2026	CONSTRUTORAS/INCORPORADORAS
19/01/2026	4482	VOKKAN RESERVA II URBANISMO SPE LTDA	100189.0031	LIXEIRA BOX WOOD A - 50L ACO CORTEIN MAD REFL INCOL UV GLASS	102	BOX	34,0000	0,0000	34,0000	2051,7886	01/06/2026	3662,44	8789,86	945,59	4355,45	0,000000	1131,2967	0,0000	0,0000	SC	VENDEDOR INTERNO - 3	19/01/2026	CONSTRUTORAS/INCORPORADORAS
19/01/2026	4482	VOKKAN RESERVA II URBANISMO SPE LTDA	100038.0014	BICICLETARIO GUARDIA CORTEIN	103	GUARDIA	6,0000	0,0000	6,0000	755,9714	01/06/2026	238,13	571,51	61,48	283,19	0,000000	372,8483	0,0000	0,0000	SC	VENDEDOR INTERNO - 3	19/01/2026	CONSTRUTORAS/INCORPORADORAS
20/01/2026	4491	COHEN SERVICOS E COMERCIO VAREJISTA DE MOVEIS LTDA	500436.0004	BANCO STONE P FIBRA BRANCO R9010	499	ITENS ESPECIAIS	2,0000	0,0000	2,0000	3703,5009	24/02/2026	0,00	529,18	116,00	534,32	0,000000	2324,4325	0,0000	10,0000	PA	COHEN SERVICOS E COMERCIO VAREJISTA DE MOVEIS LTDA	28/07/2023	DISTRIBUIDOR AUTORIZADO BLACK
20/01/2026	4491	COHEN SERVICOS E COMERCIO VAREJISTA DE MOVEIS LTDA	500438.0005	BANCO STONE G FIBRA BRANCO R9010	499	STONE	1,0000	0,0000	1,0000	6449,5827	24/02/2026	0,00	460,78	101,01	465,25	0,000000	4055,3662	0,0000	10,0000	PA	COHEN SERVICOS E COMERCIO VAREJISTA DE MOVEIS LTDA	28/07/2023	DISTRIBUIDOR AUTORIZADO BLACK
20/01/2026	4491	COHEN SERVICOS E COMERCIO VAREJISTA DE MOVEIS LTDA	500437.0002	BANCO STONE M FIBRA BRANCO R9010	499	ITENS ESPECIAIS	2,0000	0,0000	2,0000	4711,8753	24/02/2026	0,00	673,26	147,59	679,80	0,000000	3014,8993	0,0000	10,0000	PA	COHEN SERVICOS E COMERCIO VAREJISTA DE MOVEIS LTDA	28/07/2023	DISTRIBUIDOR AUTORIZADO BLACK
20/01/2026	4490	ANNONI GESTAO DE EMPREENDIMENTOS LTDA	300132.0005	BANCO JASPER CT CZ VERNIZ	301	JASPER	5,0000	0,0000	5,0000	2531,8565	16/03/2026	0,00	2152,08	173,37	798,55	0,000000	656,5981	0,0000	123,6000	RS	VENDEDOR INTERNO - 3	20/01/2026	CONSTRUTORAS/INCORPORADORAS
20/01/2026	4490	ANNONI GESTAO DE EMPREENDIMENTOS LTDA	300147.0006	MESA AIR C CT CZ AM 1028 FM	308	AIR/PIC NIC	2,0000	0,0000	2,0000	6780,7000	16/03/2026	0,00	2305,44	185,72	855,45	0,000000	2110,0201	0,0000	299,1800	RS	VENDEDOR INTERNO - 3	20/01/2026	CONSTRUTORAS/INCORPORADORAS
20/01/2026	4490	ANNONI GESTAO DE EMPREENDIMENTOS LTDA	500702.0002	BANCO JASPER C/ ENCOSTO CT CZ VERNIZ	301	JASPER	5,0000	0,0000	5,0000	3830,3600	16/03/2026	0,00	3255,81	262,28	1208,10	0,000000	922,6206	0,0000	228,4500	RS	VENDEDOR INTERNO - 3	20/01/2026	CONSTRUTORAS/INCORPORADORAS
21/01/2026	4492	VOKKAN RESERVA II URBANISMO SPE LTDA	300128.0003	BANCO ONDA A CT CZ HIDROR	301	ONDA	21,0000	0,0000	21,0000	2056,5900	25/02/2026	2159,42	5182,61	591,46	2724,32	0,000000	831,7843	0,0000	186,0900	SC	VENDEDOR INTERNO - 3	19/01/2026	CONSTRUTORAS/INCORPORADORAS
21/01/2026	4492	VOKKAN RESERVA II URBANISMO SPE LTDA	300131.0002	FLOREIRA ONDA FC CT CZ HIDROR	302	ONDA	4,0000	0,0000	4,0000	1936,7900	25/02/2026	387,36	929,66	106,10	488,69	0,000000	821,9466	0,0000	234,2600	SC	VENDEDOR INTERNO - 3	19/01/2026	CONSTRUTORAS/INCORPORADORAS
21/01/2026	4492	VOKKAN RESERVA II URBANISMO SPE LTDA	300130.0010	BANCO ONDA E MAD REFL INCO UV GL CT CZ HIDROR	301	ONDA	5,0000	0,0000	5,0000	3196,1100	25/02/2026	799,03	1917,67	218,85	1008,05	0,000000	1407,2026	0,0000	189,0500	SC	VENDEDOR INTERNO - 3	19/01/2026	CONSTRUTORAS/INCORPORADORAS
21/01/2026	4492	VOKKAN RESERVA II URBANISMO SPE LTDA	300127.0010	BANCO ONDA B MAD REFL INCO UV GL CT CZ HIDROR	301	ONDA	13,0000	0,0000	13,0000	3656,7300	25/02/2026	2376,87	5704,50	651,03	2998,67	0,000000	1457,7737	0,0000	186,0900	SC	VENDEDOR INTERNO - 3	19/01/2026	CONSTRUTORAS/INCORPORADORAS
21/01/2026	4492	VOKKAN RESERVA II URBANISMO SPE LTDA	300088.0006	BANCO RIVOLA CT CZ HIDROR	301	RIVOLA	4,0000	0,0000	4,0000	2500,9600	25/02/2026	500,19	1200,46	137,00	631,04	0,000000	716,7284	0,0000	323,3500	SC	VENDEDOR INTERNO - 3	19/01/2026	CONSTRUTORAS/INCORPORADORAS
21/01/2026	4492	VOKKAN RESERVA II URBANISMO SPE LTDA	300172.0003	BANCO FLO C/ ASSENTO DE MADEIRA CT CZ HIDROR	301	PRODUTOS EXCLUSIVOS	4,0000	0,0000	4,0000	2866,7900	25/02/2026	573,36	1376,06	157,04	723,35	0,000000	1158,2771	0,0000	236,2500	SC	VENDEDOR INTERNO - 3	19/01/2026	CONSTRUTORAS/INCORPORADORAS
21/01/2026	4492	VOKKAN RESERVA II URBANISMO SPE LTDA	300139.0001	FLOREIRA ONDA F RETA CT CZ HIDROR	302	ONDA	2,0000	0,0000	2,0000	1998,9500	25/02/2026	199,90	479,75	54,75	252,19	0,000000	874,0873	0,0000	205,3350	SC	VENDEDOR INTERNO - 3	19/01/2026	CONSTRUTORAS/INCORPORADORAS
21/01/2026	4492	VOKKAN RESERVA II URBANISMO SPE LTDA	300129.0004	BANCO ONDA C RETO CT CZ HIDROR	301	ONDA	25,0000	0,0000	25,0000	1929,8600	25/02/2026	2412,33	5789,58	660,74	3043,39	0,000000	878,5047	0,0000	185,3000	SC	VENDEDOR INTERNO - 3	19/01/2026	CONSTRUTORAS/INCORPORADORAS
21/01/2026	4493	G3 INCORPORADORA E INVESTIMENTOS IMOBILIARIOS LTDA	300096.0006	BANCO VENEZIA 1900 MM CT CZ HIDROR	301	VENEZIA	2,0000	0,0000	2,0000	1167,9600	17/02/2026	116,80	280,31	31,99	147,35	0,000000	201,5304	0,0000	206,8000	RS	VENDEDOR INTERNO - 3	21/01/2026	CONSTRUTORAS/INCORPORADORAS
22/01/2026	4495	ARCOS DOURADOS COMERCIO DE ALIMENTOS SA	100189.0018	LIXEIRA BOX WOOD 50 L GR R7016 FOSC MICR MAD REFL CASTA DECK	102	BOX	2,0000	0,0000	2,0000	1648,0000	16/02/2026	0,00	242,26	50,39	232,08	0,000000	1133,7500	0,0000	0,0000	MS	METALCO DO BRASIL LTDA	20/02/2024	REDES NACIONAIS
22/01/2026	4496	SECRETARIA DE ESTADO DE TRANSPORTE E MOBILIDADE DO DISTRITO FEDERAL	ADM-0043	PRESTACAO DE SERVICO DE MONTAGEM	10	SERVICO	1,0000	0,0000	1,0000	188118,0000	21/07/2026	0,00	0,00	3103,95	14296,97	0,000000	0,0000	0,0000	0,0000	DF	J. FLEURY REPRESENTACAO DE MOVEIS CORPORATIVOS LTDA	13/05/2025	ORGAO PUBLICO ESTADUAL
23/01/2026	4501	OMP DO BRASIL	500762.0005	BASE NOVA MESA CONCRETUM CT BC HIDROREP.	500	ITENS ESPECIAIS	2,0000	0,0000	2,0000	217,0810	03/03/2026	0,00	52,10	6,30	29,04	0,000000	94,3107	0,0000	78,4800	RS	METALCO DO BRASIL LTDA	23/11/2015	INDUSTRIA DE MÓVEIS CORPORATIV
23/01/2026	4498	ASSOCIACAO BENEFICENTE E EDUCACIONAL DE 1858	500923.0001	BANCO COBRA R1000 ESPECIAL HUBB PR R9005 FOSC MICR MAD REFL CASTA DECK	201	ITENS ESPECIAIS	3,0000	0,0000	3,0000	31297,7386	16/03/2026	0,00	16480,61	1277,31	5883,36	0,000000	171,0625	0,0000	0,0000	RS	HUBB SERVICOS DE INSTALACOES E MONTAGENS LTDA	14/03/2024	CONDOMÍNIOS/ASSOCIAÇŐES/CLUBES
23/01/2026	4503	PAULO FERNANDES SOLUCOES ARQUITETONICAS LTDA	500362.0002	KIT CONCRETO CINZA HIDROREP.	499	OUTROS	5,0000	0,0000	5,0000	71,8300	29/01/2026	0,00	43,10	5,21	24,02	0,000000	18,9911	0,0000	0,0000	SP	PAULO FERNANDES SOLUCOES INTEGRADAS PARA ESCRITORIOS LTDA	22/12/2015	DISTRIBUIDOR AUTORIZADO GOLD
23/01/2026	4503	PAULO FERNANDES SOLUCOES ARQUITETONICAS LTDA	500362.0001	KIT CONCRETO CINZA VERNIZ	499	OUTROS	1,0000	0,0000	1,0000	71,8300	29/01/2026	0,00	8,62	1,04	4,80	0,000000	19,1749	0,0000	0,0000	SP	PAULO FERNANDES SOLUCOES INTEGRADAS PARA ESCRITORIOS LTDA	22/12/2015	DISTRIBUIDOR AUTORIZADO GOLD
23/01/2026	4497	J P RICHTER PARTICIPACOES LTDA	300096.0006	BANCO VENEZIA 1900 MM CT CZ HIDROR	301	VENEZIA	4,0000	0,0000	4,0000	1357,5690	25/02/2026	0,00	923,15	74,37	342,54	0,000000	201,5304	0,0000	206,8000	RS	VENDEDOR INTERNO - 3	23/01/2026	CONSTRUTORAS/INCORPORADORAS
23/01/2026	4497	J P RICHTER PARTICIPACOES LTDA	100024.0012	BICICLETARIO BIKE PT R9006 FOSC MICR	103	BIKE	1,0000	0,0000	1,0000	2140,7760	25/02/2026	0,00	382,13	29,02	133,66	0,000000	942,9500	0,0000	0,0000	RS	VENDEDOR INTERNO - 3	23/01/2026	CONSTRUTORAS/INCORPORADORAS
27/01/2026	4513	ESCRITEC COMERCIO E SERVICOS LTDA	500335	KIT AMOSTRAS MATERIAIS METALCO	499	OUTROS	2,0000	0,0000	0,0000	122,7380	26/03/2026	0,00	17,18	3,77	17,35	0,000000	74,6039	0,0000	78,5487	AL	ESCRITEC COMERCIO E SERVICOS LTDA	25/10/2022	DISTRIBUIDOR AUTORIZADO GOLD
27/01/2026	4509	LUCIDI LEONICE STEFFEN FUHR	300128.0001	BANCO ONDA A CT CZ VERNIZ	301	ONDA	5,0000	0,0000	5,0000	2562,0588	17/03/2026	0,00	2177,75	175,44	808,07	0,000000	842,1391	0,0000	186,0900	RS	VENDEDOR INTERNO - 3	27/01/2026	OUTRAS INDUSTRIAS
27/01/2026	4509	LUCIDI LEONICE STEFFEN FUHR	100193.0019	BEBEDOURO FUENTE PT PR R9005 FOSC MICR C/FILTRO	109	FUENTE	1,0000	0,0000	1,0000	3404,3520	17/03/2026	0,00	578,74	46,62	214,75	0,000000	1950,6200	0,0000	0,0000	RS	VENDEDOR INTERNO - 3	27/01/2026	OUTRAS INDUSTRIAS
27/01/2026	4509	LUCIDI LEONICE STEFFEN FUHR	100060.0004	LIXEIRA BRAVO COLONIAL DUPLA PR R9005 FOSC MICR PR 9005 FM PR 9005 FM	102	BRAVO	5,0000	0,0000	5,0000	2356,9500	17/03/2026	0,00	2003,41	161,39	743,38	0,000000	997,1520	0,0000	0,0000	RS	VENDEDOR INTERNO - 3	27/01/2026	OUTRAS INDUSTRIAS
27/01/2026	4509	LUCIDI LEONICE STEFFEN FUHR	200089.0005	BANCO COBRA D - R: 2,5M PR R9005 FOSC MICR MAD REFL CASTA DECK	201	COBRA	3,0000	0,0000	3,0000	2766,8636	17/03/2026	0,00	1411,10	113,68	523,60	0,000000	1193,5100	0,0000	0,0000	RS	VENDEDOR INTERNO - 3	27/01/2026	OUTRAS INDUSTRIAS
27/01/2026	4509	LUCIDI LEONICE STEFFEN FUHR	200088.0004	BANCO COBRA B - RETO 2M PR R9005 FOSC MICR MAD REFL CASTA DECK	201	COBRA	4,0000	0,0000	4,0000	3629,3040	17/03/2026	0,00	2467,93	198,81	915,75	0,000000	1552,8875	0,0000	0,0000	RS	VENDEDOR INTERNO - 3	27/01/2026	OUTRAS INDUSTRIAS
27/01/2026	4509	LUCIDI LEONICE STEFFEN FUHR	100264.0003	BALIZADOR QUICK FIXO A PR R9005 FOSC MICR	110	QUICK	11,0000	0,0000	11,0000	470,0068	17/03/2026	0,00	878,91	70,80	326,13	0,000000	221,4118	0,0000	0,0000	RS	VENDEDOR INTERNO - 3	27/01/2026	OUTRAS INDUSTRIAS
27/01/2026	4509	LUCIDI LEONICE STEFFEN FUHR	300129.0002	BANCO ONDA C CT CZ VERNIZ	301	ONDA	10,0000	0,0000	10,0000	2402,8768	17/03/2026	0,00	4084,89	329,07	1515,73	0,000000	889,9832	0,0000	185,3000	RS	VENDEDOR INTERNO - 3	27/01/2026	OUTRAS INDUSTRIAS
27/01/2026	4507	FRUKI BEBIDAS S.A.	300128.0002	BANCO ONDA A CT BC VERNIZ	301	ONDA	4,0000	0,0000	4,0000	3366,4686	17/03/2026	0,00	2289,20	184,42	849,43	0,000000	1176,2316	0,0000	186,0900	RS	HUBB SERVICOS DE INSTALACOES E MONTAGENS LTDA	12/02/2025	REDE DE LOJAS DE VAREJO
27/01/2026	4507	FRUKI BEBIDAS S.A.	200063.0006	BANCO NOALE WA -1800 PR 9005 FM MAD REFL CASTA DECK	201	NOALE	2,0000	0,0000	2,0000	1669,5939	17/03/2026	0,00	586,11	45,43	209,23	0,000000	777,2000	0,0000	0,0000	RS	HUBB SERVICOS DE INSTALACOES E MONTAGENS LTDA	12/02/2025	REDE DE LOJAS DE VAREJO
27/01/2026	4507	FRUKI BEBIDAS S.A.	300217.0002	LIXEIRA DOHA SEM TAMPA C/PLACA VD 6005 FM CT BC VERNIZ SELETIVO	305	DOHA	4,0000	0,0000	4,0000	1671,5349	17/03/2026	0,00	1136,64	91,57	421,76	0,000000	486,5362	0,0000	137,5600	RS	HUBB SERVICOS DE INSTALACOES E MONTAGENS LTDA	12/02/2025	REDE DE LOJAS DE VAREJO
27/01/2026	4507	FRUKI BEBIDAS S.A.	300217.0001	LIXEIRA DOHA SEM TAMPA C/PLACA VM 3005 FM CT BC VERNIZ ORGANICO	305	DOHA	4,0000	0,0000	4,0000	1671,5349	17/03/2026	0,00	1136,64	91,57	421,76	0,000000	510,1612	0,0000	137,5600	RS	HUBB SERVICOS DE INSTALACOES E MONTAGENS LTDA	12/02/2025	REDE DE LOJAS DE VAREJO
27/01/2026	4507	FRUKI BEBIDAS S.A.	500734.0001	CADEIRA BIRA PR 9005 FM MAD REFL CASTA DECK	299	OUTROS	20,0000	0,0000	20,0000	966,4783	17/03/2026	0,00	3392,82	262,96	1211,19	0,000000	383,8715	0,0000	0,0000	RS	HUBB SERVICOS DE INSTALACOES E MONTAGENS LTDA	12/02/2025	REDE DE LOJAS DE VAREJO
27/01/2026	4507	FRUKI BEBIDAS S.A.	500735.0001	MESA BIRRA ESPECIAL 800 X 800 X 775 PR 9005 FM MAD REFL CASTA DECK	202	OUTROS	5,0000	0,0000	5,0000	2419,3019	17/03/2026	0,00	2123,24	164,56	757,97	0,000000	1158,0380	0,0000	0,0000	RS	HUBB SERVICOS DE INSTALACOES E MONTAGENS LTDA	12/02/2025	REDE DE LOJAS DE VAREJO
27/01/2026	4507	FRUKI BEBIDAS S.A.	500732.0001	MESA NOALE WC 1200 PR 9005 FM MAD REFL CASTA DECK	201	NOALE	10,0000	0,0000	10,0000	2197,1211	17/03/2026	0,00	3856,50	298,89	1376,72	0,000000	1068,8560	0,0000	0,0000	RS	HUBB SERVICOS DE INSTALACOES E MONTAGENS LTDA	12/02/2025	REDE DE LOJAS DE VAREJO
27/01/2026	4507	FRUKI BEBIDAS S.A.	500731.0001	NOALE WB 1200 PR 9005 FM MAD REFL CASTA DECK	201	NOALE	20,0000	0,0000	20,0000	2059,3448	17/03/2026	0,00	7229,33	560,30	2580,78	0,000000	1000,5495	0,0000	0,0000	RS	HUBB SERVICOS DE INSTALACOES E MONTAGENS LTDA	12/02/2025	REDE DE LOJAS DE VAREJO
27/01/2026	4507	FRUKI BEBIDAS S.A.	500730.0001	MESA NOALE WC 1800 PR 9005 FM MAD REFL CASTA DECK	202	NOALE	7,0000	0,0000	7,0000	2504,1985	17/03/2026	0,00	3076,85	238,47	1098,39	0,000000	1231,8228	0,0000	0,0000	RS	HUBB SERVICOS DE INSTALACOES E MONTAGENS LTDA	12/02/2025	REDE DE LOJAS DE VAREJO
27/01/2026	4507	FRUKI BEBIDAS S.A.	500729.0001	BANCO NOALE WB 1800 PR 9005 FM MAD REFL CASTA DECK	201	NOALE	14,0000	0,0000	14,0000	2359,2429	17/03/2026	0,00	5797,49	449,33	2069,63	0,000000	1138,5035	0,0000	0,0000	RS	HUBB SERVICOS DE INSTALACOES E MONTAGENS LTDA	12/02/2025	REDE DE LOJAS DE VAREJO
27/01/2026	4507	FRUKI BEBIDAS S.A.	300129.0001	BANCO ONDA C CT BC VERNIZ	301	ONDA	7,0000	0,0000	7,0000	3336,3018	17/03/2026	0,00	3970,20	319,83	1473,18	0,000000	1258,5182	0,0000	185,3000	RS	HUBB SERVICOS DE INSTALACOES E MONTAGENS LTDA	12/02/2025	REDE DE LOJAS DE VAREJO
27/01/2026	4511	FUNDACAO GETULIO VARGAS	300019.0005	PORTA BICICLETA PB1 CT CZ VERNIZ C/EMB	304	PB1	3,0000	0,0000	3,0000	644,9607	18/02/2026	0,00	232,19	28,09	129,40	0,000000	78,6440	0,0000	66,8000	RJ	SISTEMAS RJB REPRESENTACOES LTDA	27/01/2026	ESCOLAS/UNIVERSIDADES
30/01/2026	4518	CRH REALTY ADMINISTRACAO DE IMOVEIS PROPRIOS LTDA	100034.0058	LIXEIRA SPENCER GR R7016 FOSC MICR GR R7016 FOSC MICR	102	SPENCER	2,0000	0,0000	2,0000	1646,3472	11/03/2026	172,87	414,88	44,63	205,58	0,000000	720,6700	0,0000	0,0000	SC	VENDEDOR INTERNO - 3	30/01/2026	CONSTRUTORAS/INCORPORADORAS
30/01/2026	4520	PLEWADES EMPREENDIMENTOS IMOBILIARIOS LTDA	100189.0032	LIXEIRA BOX WOOD A - 50L PR R9005 FOSC MICR MAD REFL CASTA DECK	102	BOX	1,0000	0,0000	1,0000	2998,2586	26/03/2026	230,35	377,78	39,44	181,65	0,000000	1149,0900	0,0000	0,0000	SP	VENDEDOR INTERNO - 5	30/01/2026	CONSTRUTORAS/INCORPORADORAS
30/01/2026	4520	PLEWADES EMPREENDIMENTOS IMOBILIARIOS LTDA	500420.0002	LIXEIRA BOX WOOD 100L COMPARTIMENTO DUPLO PR 9005 FM MAD REFL CASTA DE	102	BOX	3,0000	0,0000	3,0000	3734,0141	26/03/2026	860,64	1411,46	147,34	678,68	0,000000	1506,6600	0,0000	0,0000	SP	VENDEDOR INTERNO - 5	30/01/2026	CONSTRUTORAS/INCORPORADORAS
30/01/2026	4521	3Z ALPHA EMPREENDIMENTOS IMOBILIARIOS LTDA.	500922.0001	BANCO COBRA ESPECIAL RAIO EXTERNO 5,8M GR R7016 FOSC MICR MAD REFL CAS	201	COBRA	3,0000	0,0000	3,0000	14614,5193	06/04/2026	0,00	5432,22	633,79	2919,26	0,000000	31,6669	0,0000	0,0000	SP	VENDEDOR INTERNO - 5	30/01/2026	CONSTRUTORAS/INCORPORADORAS
30/01/2026	4521	3Z ALPHA EMPREENDIMENTOS IMOBILIARIOS LTDA.	100263.0008	MESA AIR CIRCLE - A PR 9005 FM MR 8017 FM	111	AIR/PIC NIC	5,0000	0,0000	5,0000	5525,4117	06/04/2026	2122,57	3481,01	363,39	1673,78	0,000000	93,4375	0,0000	0,0000	SP	VENDEDOR INTERNO - 5	30/01/2026	CONSTRUTORAS/INCORPORADORAS
30/01/2026	4521	3Z ALPHA EMPREENDIMENTOS IMOBILIARIOS LTDA.	100016.0011	BANCO LIBRE POWER PT R9006 FOSC MICR PE FX PR R9005 FOSC MICR	101	LIBRE	4,0000	0,0000	4,0000	4962,4314	06/04/2026	0,00	2459,38	286,94	1321,67	0,000000	0,0000	0,0000	0,0000	SP	VENDEDOR INTERNO - 5	30/01/2026	CONSTRUTORAS/INCORPORADORAS
30/01/2026	4521	3Z ALPHA EMPREENDIMENTOS IMOBILIARIOS LTDA.	100034.0059	LIXEIRA SPENCER MR R8017 FOSC MICR MR R8017 FOSC MICR	102	SPENCER	5,0000	0,0000	5,0000	1477,9218	06/04/2026	567,74	931,09	97,20	447,70	0,000000	670,0000	0,0000	0,0000	SP	VENDEDOR INTERNO - 5	30/01/2026	CONSTRUTORAS/INCORPORADORAS
30/01/2026	4521	3Z ALPHA EMPREENDIMENTOS IMOBILIARIOS LTDA.	100049.0006	GRADIL PERLA - Q 1140	108	PERLA	10,0000	0,0000	10,0000	3041,0791	06/04/2026	2336,44	3831,76	400,00	1842,44	0,000000	506,0641	0,0000	16,5700	SP	VENDEDOR INTERNO - 5	30/01/2026	CONSTRUTORAS/INCORPORADORAS
30/01/2026	4521	3Z ALPHA EMPREENDIMENTOS IMOBILIARIOS LTDA.	500925.0001	CJ BANCO ATOLLO GR R7016 FOSC MICR MAD REFL CASTA DECK	201	ITENS ESPECIAIS	1,0000	0,0000	1,0000	54213,4345	06/04/2026	0,00	6717,04	783,69	3609,73	0,000000	31,6669	0,0000	0,0000	SP	VENDEDOR INTERNO - 5	30/01/2026	CONSTRUTORAS/INCORPORADORAS
02/02/2026	4522	VALE S.A.	ADM-0043	PRESTACAO DE SERVICO DE MONTAGEM	10	SERVICO	1,0000	0,0000	1,0000	35142,8200	03/08/2026	0,00	0,00	579,86	2670,85	0,000000	0,0000	0,0000	0,0000	PA	COHEN SERVICOS E COMERCIO VAREJISTA DE MOVEIS LTDA	13/09/2024	OUTROS CONSUM. FINAIS PESSOA J
02/02/2026	4524	FUNDACAO GETULIO VARGAS	100024.0004	BICICLETARIO BIKE GR R7016 FOSC MICR	103	BIKE	8,0000	0,0000	8,0000	2733,0625	18/03/2026	0,00	2754,93	315,31	1452,33	0,000000	943,1512	0,0000	0,0000	RJ	SISTEMAS RJB REPRESENTACOES LTDA	27/01/2026	ESCOLAS/UNIVERSIDADES
03/02/2026	4525	J. FLEURY REPRESENTACAO DE MOVEIS CORPORATIVOS LTDA	200006.0018	BANCO HARRIS 1800 C/ENCOSTO CZ R9007 FOSC MICR MAD REFL CASTA DECK	201	HARRIS	6,0000	0,0000	6,0000	2755,1700	25/03/2026	0,00	1191,89	261,28	1203,46	0,000000	1969,3400	0,0000	0,0000	DF	J. FLEURY REPRESENTACAO DE MOVEIS CORPORATIVOS LTDA	24/03/2021	DISTRIBUIDOR AUTORIZADO GOLD
03/02/2026	4525	J. FLEURY REPRESENTACAO DE MOVEIS CORPORATIVOS LTDA	100190.0029	LIXEIRA BOX WOOD B - 100 L CZ 9007 FM MAD REFL CASTA DECK	102	BOX	4,0000	0,0000	4,0000	2824,2280	25/03/2026	0,00	814,51	178,55	822,42	0,000000	1569,1614	0,0000	45,4600	DF	J. FLEURY REPRESENTACAO DE MOVEIS CORPORATIVOS LTDA	24/03/2021	DISTRIBUIDOR AUTORIZADO GOLD
05/02/2026	4528	ARCOS DOURADOS COMERCIO DE ALIMENTOS SA	400006.0002	CONJ MESA RETA C/BANCOS ESTRU PINTADA E FIBRA CELULOSICA	111	ARCOS DOURADOS	1,0000	0,0000	1,0000	3021,5500	13/03/2026	0,00	218,38	46,25	213,04	0,000000	2456,6712	0,0000	0,0000	MS	METALCO DO BRASIL LTDA	05/02/2026	REDES NACIONAIS
06/02/2026	4533	IMART COMERCIO DE EQUIPAMENTOS PARA VAREJO E ESCRITORIOS LTDA	300003.0126	BANCO MALY CINZA HIDROREPELENTE PRETO R9005 COMIGO	301	MALY	2,0000	0,0000	2,0000	1122,9900	16/03/2026	0,00	157,22	34,46	158,75	0,000000	488,9418	0,0000	127,0750	GO	O2 - ARQUITETURA E REPRESENTACOES LTDA	22/05/2020	REVENDA DE MÓVEIS CORPORATIVO
06/02/2026	4535	INFINITI MOBILIARIO CORPORATIVO LTDA	300006.0016	BALIZADOR BOLA CT BC VERNIZ S/ FIX C/EMB	303	BOLA	2,0000	0,0000	2,0000	351,2768	02/03/2026	0,00	49,18	10,78	49,66	0,000000	95,9492	0,0000	49,5000	ES	LE MONDE MOBILIARIOS INTELIGENTES LTDA	05/01/2022	DISTRIBUIDOR AUTORIZADO GOLD
06/02/2026	4537	LEGNA REPRESENTACAO COMERCIAL LTDA	300125.0002	BANCO STONE M	301	STONE	10,0000	0,0000	10,0000	3149,6964	20/03/2026	0,00	2204,79	483,32	2226,20	0,000000	1302,6853	0,0000	233,7400	PE	LEGNA REPRESENTACAO COMERCIAL LTDA	11/08/2023	DISTRIBUIDOR AUTORIZADO BLACK
06/02/2026	4537	LEGNA REPRESENTACAO COMERCIAL LTDA	200109.0001	MESA BREAK TIME TW A GR R7016 FOSC MICR MAD REFL CASTA DECK	201	BREAK TIME	24,0000	0,0000	24,0000	1072,6987	20/03/2026	0,00	1802,13	395,05	1819,64	0,000000	908,3275	0,0000	0,0000	PE	LEGNA REPRESENTACAO COMERCIAL LTDA	11/08/2023	DISTRIBUIDOR AUTORIZADO BLACK
06/02/2026	4537	LEGNA REPRESENTACAO COMERCIAL LTDA	200098.0002	BREAK TIME WA GR R7016 FOSC MICR MAD REFL CASTA DECK	201	BREAK TIME	96,0000	0,0000	96,0000	517,9898	20/03/2026	0,00	3480,89	763,06	3514,71	0,000000	414,5101	0,0000	0,0000	PE	LEGNA REPRESENTACAO COMERCIAL LTDA	11/08/2023	DISTRIBUIDOR AUTORIZADO BLACK
06/02/2026	4534	RESERVA PAULISTA ADMINISTRADORA DE PARQUES S.A.	200067.0005	MESA AIR L GR 7016 FM MAD REFL CASTA DECK	202	AIR/PIC NIC	6,0000	0,0000	6,0000	8441,6216	01/04/2026	0,00	6275,50	732,17	3372,44	0,000000	5117,8527	0,0000	0,0000	SP	METALCO DO BRASIL LTDA	11/09/2025	OUTROS CONSUM. FINAIS PESSOA J
06/02/2026	4539	MAR VITTA RESIDENCIAL 113 SPE LTDA	300003.0186	BANCO MALY CINZA VERNIZ PRETO R9005 VITTA MIRALI	301	MALY	2,0000	0,0000	2,0000	1944,7108	23/03/2026	284,59	466,73	51,78	238,50	0,000000	530,1343	0,0000	127,0750	SP	METALCO DO BRASIL LTDA	08/01/2026	CONSTRUTORAS/INCORPORADORAS
09/02/2026	4541	DWORKIN COMERCIO DE MOVEIS LTDA	300125.0004	BANCO STONE M CT BC HIDROR	301	STONE	1,0000	0,0000	1,0000	3367,6632	01/04/2026	0,00	404,12	48,90	225,23	0,000000	1294,0785	0,0000	233,7400	SP	DWORKIN COMERCIO DE MOVEIS LTDA	04/06/2024	DISTRIBUIDOR AUTORIZADO GOLD
09/02/2026	4541	DWORKIN COMERCIO DE MOVEIS LTDA	300110.0003	BANCO STONE G CT CZ HIDROR	301	STONE	1,0000	0,0000	1,0000	2489,9688	01/04/2026	0,00	298,80	36,15	166,53	0,000000	1145,6144	0,0000	290,3000	SP	DWORKIN COMERCIO DE MOVEIS LTDA	04/06/2024	DISTRIBUIDOR AUTORIZADO GOLD
09/02/2026	4541	DWORKIN COMERCIO DE MOVEIS LTDA	300124.0001	BANCO STONE P	301	STONE	1,0000	0,0000	1,0000	1855,1561	01/04/2026	0,00	222,62	26,94	124,07	0,000000	491,8488	0,0000	193,7300	SP	DWORKIN COMERCIO DE MOVEIS LTDA	04/06/2024	DISTRIBUIDOR AUTORIZADO GOLD
09/02/2026	4541	DWORKIN COMERCIO DE MOVEIS LTDA	300125.0001	BANCO STONE M CT CZ HIDROR	301	STONE	1,0000	0,0000	1,0000	2152,1561	01/04/2026	0,00	258,26	31,25	143,94	0,000000	861,2684	0,0000	233,7400	SP	DWORKIN COMERCIO DE MOVEIS LTDA	04/06/2024	DISTRIBUIDOR AUTORIZADO GOLD
09/02/2026	4541	DWORKIN COMERCIO DE MOVEIS LTDA	300003.0187	BANCO MALY CINZA HIDROREPELENTE MARROM R8017 D.WORK.IN	301	MALY	1,0000	0,0000	1,0000	1255,7210	01/04/2026	0,00	150,69	18,23	83,98	0,000000	676,9918	0,0000	127,0750	SP	DWORKIN COMERCIO DE MOVEIS LTDA	04/06/2024	DISTRIBUIDOR AUTORIZADO GOLD
09/02/2026	4541	DWORKIN COMERCIO DE MOVEIS LTDA	100252.0004	BICICLETARIO SPYRA CL A LA R2004 FOSC MICR	103	SPYRA	1,0000	0,0000	1,0000	1444,8357	01/04/2026	0,00	182,05	20,84	95,97	0,000000	486,1317	0,0000	96,2300	SP	DWORKIN COMERCIO DE MOVEIS LTDA	04/06/2024	DISTRIBUIDOR AUTORIZADO GOLD
09/02/2026	4541	DWORKIN COMERCIO DE MOVEIS LTDA	300182.0003	BANCO DEMETRA J CT BC VERNIZ MAD REFL CASTA DECK	301	DEMETRA	1,0000	0,0000	1,0000	2957,1944	01/04/2026	0,00	354,86	42,94	197,78	0,000000	1551,3824	0,0000	250,5400	SP	DWORKIN COMERCIO DE MOVEIS LTDA	04/06/2024	DISTRIBUIDOR AUTORIZADO GOLD
09/02/2026	4541	DWORKIN COMERCIO DE MOVEIS LTDA	300155.0001	BANCO DEMETRA H CT BC VERNIZ	301	DEMETRA	1,0000	0,0000	1,0000	2156,3190	01/04/2026	0,00	258,76	31,31	144,21	0,000000	980,0585	0,0000	250,5400	SP	DWORKIN COMERCIO DE MOVEIS LTDA	04/06/2024	DISTRIBUIDOR AUTORIZADO GOLD
09/02/2026	4541	DWORKIN COMERCIO DE MOVEIS LTDA	300124.0002	BANCO STONE P CT BC HIDROR	301	STONE	1,0000	0,0000	1,0000	2506,9127	01/04/2026	0,00	300,83	36,40	167,66	0,000000	685,0304	0,0000	193,7300	SP	DWORKIN COMERCIO DE MOVEIS LTDA	04/06/2024	DISTRIBUIDOR AUTORIZADO GOLD
09/02/2026	4540	CYRELA SUL 031 EMPREENDIMENTOS IMOBILIARIOS SPE LTDA	300204.0001	ELEMENTO FUNDO FALSO LIXEIRA DOHA CT CZ VERNIZ	305	DOHA	39,0000	0,0000	0,0000	115,5578	17/04/2026	0,00	766,15	61,72	284,29	0,000000	70,0117	0,0000	118,7500	RS	HUBB SERVICOS DE INSTALACOES E MONTAGENS LTDA	09/02/2026	CONSTRUTORAS/INCORPORADORAS
10/02/2026	4545	ARCOS DORADOS URUGUAY S.A	400006.0002	CONJ MESA RETA C/BANCOS ESTRU PINTADA E FIBRA CELULOSICA	111	ARCOS DOURADOS	8,0000	0,0000	8,0000	2291,8836	03/04/2026	0,00	0,00	0,00	0,00	0,000000	2456,6712	0,0000	0,0000	UR	METALCO DO BRASIL LTDA	16/09/2022	OUTROS CONSUM. FINAIS PESSOA J
10/02/2026	4545	ARCOS DORADOS URUGUAY S.A	400005	LIXEIRA COM CHAPA PINTADA E FIBRA CELULOSICA	102	ARCOS DOURADOS	1,0000	0,0000	1,0000	2544,8167	03/04/2026	0,00	0,00	0,00	0,00	0,000000	2804,1100	0,0000	0,0000	UR	METALCO DO BRASIL LTDA	16/09/2022	OUTROS CONSUM. FINAIS PESSOA J
10/02/2026	4545	ARCOS DORADOS URUGUAY S.A	400002.0002	CONJ MESA QUADRADA/BANCOS ESTR PINTADA E FIBRA CELULOSICA	111	ARCOS DOURADOS	3,0000	0,0000	3,0000	1713,7508	03/04/2026	0,00	0,00	0,00	0,00	0,000000	1964,2233	0,0000	0,0000	UR	METALCO DO BRASIL LTDA	16/09/2022	OUTROS CONSUM. FINAIS PESSOA J
10/02/2026	4546	MR MORADAS DO EUSEBIO LOTEAMENTOS IMOBILIARIOS LTDA	200006.0021	BANCO HARRIS 1800 C/ENCOSTO PR R9005 FOSC MICR MAD REFL CASTA DECK	201	HARRIS	2,0000	0,0000	2,0000	4508,4600	30/03/2026	1512,87	651,70	113,06	520,78	0,000000	1342,0966	0,0000	0,0000	CE	VENDEDOR INTERNO - 3	17/09/2025	CONSTRUTORAS/INCORPORADORAS
10/02/2026	4546	MR MORADAS DO EUSEBIO LOTEAMENTOS IMOBILIARIOS LTDA	200083.0003	BANCO HARRIS A 1270 SEM ENCOSTO PR R9005 FOSC MICR MAD REFL CASTA DECK	201	HARRIS	2,0000	0,0000	2,0000	3701,5470	30/03/2026	1242,10	535,06	92,83	427,57	0,000000	1000,8216	0,0000	0,0000	CE	VENDEDOR INTERNO - 3	17/09/2025	CONSTRUTORAS/INCORPORADORAS
11/02/2026	4549	ATITUS EDUCACAO S.A	300128.0001	BANCO ONDA A CT CZ VERNIZ	301	ONDA	3,0000	0,0000	3,0000	2493,8728	19/03/2026	0,00	1271,88	102,46	471,94	0,000000	842,1391	0,0000	186,0900	RS	HUBB SERVICOS DE INSTALACOES E MONTAGENS LTDA	10/02/2026	ESCOLAS/UNIVERSIDADES
11/02/2026	4549	ATITUS EDUCACAO S.A	300110.0004	BANCO STONE G CT CZ VERNIZ	301	STONE	1,0000	0,0000	1,0000	3721,2320	19/03/2026	0,00	632,61	50,96	234,74	0,000000	1158,6360	0,0000	290,3000	RS	HUBB SERVICOS DE INSTALACOES E MONTAGENS LTDA	10/02/2026	ESCOLAS/UNIVERSIDADES
12/02/2026	4552	2R COMERCIO DE COMBUSTIVEIS LTDA	100009.0081	LIXEIRA BRAVO SIMPLES PARAF. GR 7016 FM CST 1 LISO GR 7016 FM	102	BRAVO	2,0000	0,0000	2,0000	1271,5000	02/04/2026	0,00	320,42	36,67	168,92	0,000000	616,9500	0,0000	0,0000	SC	VENDEDOR INTERNO - 3	12/02/2026	REVENDA OUTROS
12/02/2026	4553	SC IMOVEIS CONSTRUTORA E INCORPORADORA LTDA	300088.0003	BANCO RIVOLA CT BC	301	RIVOLA	1,0000	0,0000	1,0000	3714,6600	24/03/2026	185,73	445,76	50,87	234,32	0,000000	974,0999	0,0000	323,3500	SC	VENDEDOR INTERNO - 3	12/02/2026	CONSTRUTORAS/INCORPORADORAS
13/02/2026	4556	W ALL LTDA	100038.0014	BICICLETARIO GUARDIA CORTEIN	103	GUARDIA	29,0000	0,0000	29,0000	779,3520	12/08/2026	1186,56	2847,75	306,35	1411,08	0,000000	372,8483	0,0000	0,0000	SC	VENDEDOR INTERNO - 3	01/08/2025	CONSTRUTORAS/INCORPORADORAS
13/02/2026	4556	W ALL LTDA	300146.0002	BANCO NATURAL PUZZLE CT BC HIDROR	301	PUZZLE	2,0000	0,0000	2,0000	5954,8800	12/08/2026	595,49	1429,17	163,10	751,27	0,000000	1545,9448	0,0000	155,3500	SC	VENDEDOR INTERNO - 3	01/08/2025	CONSTRUTORAS/INCORPORADORAS
13/02/2026	4554	ASSOCIACAO CONGREGACAO DE SANTA CATARINA	300130.0008	BANCO ONDA E MAD REFL INCO UV GL CT CZ VERNIZ	301	ONDA	3,0000	0,0000	3,0000	4263,1750	20/03/2026	0,00	1534,74	185,70	855,36	0,000000	1418,6699	0,0000	189,0500	SP	VENDEDOR INTERNO - 3	13/02/2026	ESCOLAS/UNIVERSIDADES
13/02/2026	4554	ASSOCIACAO CONGREGACAO DE SANTA CATARINA	100010.0028	BICICLETARIO SPYRA B VD R6027 FOSC MICR	103	SPYRA	4,0000	0,0000	4,0000	2359,1920	20/03/2026	0,00	1189,03	136,09	626,83	0,000000	934,4350	0,0000	0,0000	SP	VENDEDOR INTERNO - 3	13/02/2026	ESCOLAS/UNIVERSIDADES
13/02/2026	4554	ASSOCIACAO CONGREGACAO DE SANTA CATARINA	300127.0012	BANCO ONDA B MAD REFL INCO UV GL CT CZ VERNIZ	301	ONDA	3,0000	0,0000	3,0000	4794,9010	20/03/2026	0,00	1726,16	208,87	962,05	0,000000	1468,2301	0,0000	186,0900	SP	VENDEDOR INTERNO - 3	13/02/2026	ESCOLAS/UNIVERSIDADES
13/02/2026	4555	LUMINA EMPREENDIMENTOS IMOBILIARIOS SPE LTDA	500420.0003	LIXEIRA BOX WOOD 100L COMPARTIMENTO DUPLO GR 7016 FM MAD REFL INCO UV	102	BOX	3,0000	0,0000	3,0000	2555,2826	01/04/2026	402,46	965,90	103,91	478,61	0,000000	0,0000	0,0000	0,0000	SC	VENDEDOR INTERNO - 3	13/02/2026	CONSTRUTORAS/INCORPORADORAS
13/02/2026	4555	LUMINA EMPREENDIMENTOS IMOBILIARIOS SPE LTDA	100025.0005	BICICLETARIO CICLOS LA R2004 FOSC MICR	103	CICLOS	3,0000	0,0000	3,0000	1335,0265	01/04/2026	210,27	504,64	54,29	250,05	0,000000	531,4500	0,0000	0,0000	SC	VENDEDOR INTERNO - 3	13/02/2026	CONSTRUTORAS/INCORPORADORAS
14/02/2026	4558	IMART COMERCIO DE EQUIPAMENTOS PARA VAREJO E ESCRITORIOS LTDA	300198.0002	FLOREIRA ONICE C CT CZ VERNIZ MR 8017 FM	302	ONICE	5,0000	0,0000	5,0000	4866,1415	10/04/2026	0,00	1703,15	373,35	1719,69	0,000000	2495,3760	0,0000	335,1000	GO	O2 - ARQUITETURA E REPRESENTACOES LTDA	22/05/2020	REVENDA DE MÓVEIS CORPORATIVO
14/02/2026	4558	IMART COMERCIO DE EQUIPAMENTOS PARA VAREJO E ESCRITORIOS LTDA	100010.0027	BICICLETARIO SPYRA 6 VD R6018 FOSC MICR	103	SPYRA	1,0000	0,0000	1,0000	1380,1975	10/04/2026	0,00	96,61	21,18	97,55	0,000000	848,5800	0,0000	0,0000	GO	O2 - ARQUITETURA E REPRESENTACOES LTDA	22/05/2020	REVENDA DE MÓVEIS CORPORATIVO
16/02/2026	4559	ASTUN DONZELLI PARTICIPACOES LTDA	200090.0004	BANCO COBRA C - R: 1,5M MR R8017 FOSC MICR MAD REFL CASTA DECK	201	COBRA	6,0000	0,0000	6,0000	2152,8620	08/04/2026	0,00	1600,44	186,73	860,07	0,000000	1148,9700	0,0000	0,0000	SP	ROGER CONTE MOBILIARIO CORPORATIVO	16/02/2026	ARQUITETO/PAISAGISTA/ENGENHEIR
17/02/2026	4562	OMP DO BRASIL	500762.0006	BASE NOVA MESA CONCRETUM CT BC HIDROREP.	500	ITENS ESPECIAIS	1,0000	0,0000	1,0000	219,5630	30/03/2026	0,00	26,35	3,19	14,68	0,000000	96,3109	0,0000	78,4800	RS	METALCO DO BRASIL LTDA	23/11/2015	INDUSTRIA DE MÓVEIS CORPORATIV
19/02/2026	4570	FUNDO DA SECRETARIA MUNICIPAL DE INFRAESTRUTURA E URBANIZACAO	300066.0012	BANCO DEMETRA 1800 POWER LIGHT CT BC VERNIZ C/USB	301	DEMETRA	4,0000	0,0000	0,0000	5048,0000	21/05/2026	3046,47	1413,44	255,71	1177,80	0,000000	1141,6778	0,0000	291,0000	AL	ESCRITEC COMERCIO E SERVICOS LTDA	19/11/2024	ORGAO PUBLICO MUNICIPAL
19/02/2026	4570	FUNDO DA SECRETARIA MUNICIPAL DE INFRAESTRUTURA E URBANIZACAO	300002.0033	BANCO DIAMANTE CURVO CT BC VERNIZ PE C CZ BASALTO R7012	301	DIAMANTE	1,0000	0,0000	0,0000	6500,0000	21/05/2026	980,69	455,00	82,31	379,15	0,000000	1678,7578	0,0000	218,8250	AL	ESCRITEC COMERCIO E SERVICOS LTDA	19/11/2024	ORGAO PUBLICO MUNICIPAL
19/02/2026	4570	FUNDO DA SECRETARIA MUNICIPAL DE INFRAESTRUTURA E URBANIZACAO	100193.0020	BEBEDOURO FUENTE PT CZ R7012 FOSC MICR C/FILTRO	109	FUENTE	6,0000	0,0000	1,0000	8587,3047	21/05/2026	8162,34	3787,00	642,60	2959,86	0,000000	1303,2000	0,0000	0,0000	AL	ESCRITEC COMERCIO E SERVICOS LTDA	19/11/2024	ORGAO PUBLICO MUNICIPAL
19/02/2026	4570	FUNDO DA SECRETARIA MUNICIPAL DE INFRAESTRUTURA E URBANIZACAO	300090.0004	BANCO VOLTA TRIANGULO CT BC VERNIZ	301	VOLTA	1,0000	0,0000	0,0000	38196,3800	21/05/2026	5762,88	2673,75	483,71	2227,99	0,000000	6369,5646	0,0000	1279,3450	AL	ESCRITEC COMERCIO E SERVICOS LTDA	19/11/2024	ORGAO PUBLICO MUNICIPAL
19/02/2026	4569	FUNDO DA SECRETARIA MUNICIPAL DE INFRAESTRUTURA E URBANIZACAO	300002.0033	BANCO DIAMANTE CURVO CT BC VERNIZ PE C CZ BASALTO R7012	301	DIAMANTE	1,0000	0,0000	1,0000	6500,0000	24/04/2026	980,69	455,00	82,31	379,15	0,000000	1678,7578	0,0000	218,8250	AL	ESCRITEC COMERCIO E SERVICOS LTDA	19/11/2024	ORGAO PUBLICO MUNICIPAL
19/02/2026	4569	FUNDO DA SECRETARIA MUNICIPAL DE INFRAESTRUTURA E URBANIZACAO	100193.0020	BEBEDOURO FUENTE PT CZ R7012 FOSC MICR C/FILTRO	109	FUENTE	22,0000	0,0000	11,0000	8587,3047	24/04/2026	29928,58	13885,67	2356,21	10852,83	0,000000	1303,2000	0,0000	0,0000	AL	ESCRITEC COMERCIO E SERVICOS LTDA	19/11/2024	ORGAO PUBLICO MUNICIPAL
19/02/2026	4569	FUNDO DA SECRETARIA MUNICIPAL DE INFRAESTRUTURA E URBANIZACAO	300090.0004	BANCO VOLTA TRIANGULO CT BC VERNIZ	301	VOLTA	8,0000	0,0000	3,0000	38196,3800	24/04/2026	46103,03	21389,97	3869,68	17823,96	0,000000	6369,5646	0,0000	1279,3450	AL	ESCRITEC COMERCIO E SERVICOS LTDA	19/11/2024	ORGAO PUBLICO MUNICIPAL
19/02/2026	4569	FUNDO DA SECRETARIA MUNICIPAL DE INFRAESTRUTURA E URBANIZACAO	300132.0003	BANCO JASPER CT BC VERNIZ	301	JASPER	1,0000	0,0000	1,0000	7647,2500	24/04/2026	1153,78	535,31	96,84	446,06	0,000000	1042,3544	0,0000	123,6000	AL	ESCRITEC COMERCIO E SERVICOS LTDA	19/11/2024	ORGAO PUBLICO MUNICIPAL
19/02/2026	4569	FUNDO DA SECRETARIA MUNICIPAL DE INFRAESTRUTURA E URBANIZACAO	100054.0008	LUMINARIA TOSCANA 3MT CZ R7001 FOSC MICR	107	TOSCANA	1,0000	0,0000	1,0000	5714,2857	24/04/2026	905,25	420,00	71,27	328,27	0,000000	867,0800	0,0000	0,0000	AL	ESCRITEC COMERCIO E SERVICOS LTDA	19/11/2024	ORGAO PUBLICO MUNICIPAL
19/02/2026	4569	FUNDO DA SECRETARIA MUNICIPAL DE INFRAESTRUTURA E URBANIZACAO	100234.0004	LUMINARIA STELLA T 4M DUPLA CINZA R7001	107	STELLA	22,0000	0,0000	10,0000	6909,7047	24/04/2026	24081,79	11172,99	1895,90	8732,64	0,000000	2040,4824	0,0000	0,0000	AL	ESCRITEC COMERCIO E SERVICOS LTDA	19/11/2024	ORGAO PUBLICO MUNICIPAL
19/02/2026	4569	FUNDO DA SECRETARIA MUNICIPAL DE INFRAESTRUTURA E URBANIZACAO	100224.0004	LUMINARIA STELLA L 4 MT CZ 7001 FM SIMPLES	107	STELLA	17,0000	0,0000	10,0000	4797,7047	24/04/2026	12920,79	5994,73	1017,22	4685,39	0,000000	0,0000	0,0000	0,0000	AL	ESCRITEC COMERCIO E SERVICOS LTDA	19/11/2024	ORGAO PUBLICO MUNICIPAL
19/02/2026	4571	FUNDO DA SECRETARIA MUNICIPAL DE INFRAESTRUTURA E URBANIZACAO	200071.0008	BANCO YOO PARA MESA DE JOGOS CZ 7012 FM MAD REFL CASTA DECK	201	YOO	2,0000	0,0000	2,0000	1179,6610	30/03/2026	367,53	170,52	29,58	136,26	0,000000	248,1225	0,0000	0,0000	AL	ESCRITEC COMERCIO E SERVICOS LTDA	19/11/2024	ORGAO PUBLICO MUNICIPAL
19/02/2026	4571	FUNDO DA SECRETARIA MUNICIPAL DE INFRAESTRUTURA E URBANIZACAO	100193.0020	BEBEDOURO FUENTE PT CZ R7012 FOSC MICR C/FILTRO	109	FUENTE	1,0000	0,0000	1,0000	8587,3047	30/03/2026	1360,39	631,17	107,10	493,31	0,000000	1303,2000	0,0000	0,0000	AL	ESCRITEC COMERCIO E SERVICOS LTDA	19/11/2024	ORGAO PUBLICO MUNICIPAL
19/02/2026	4571	FUNDO DA SECRETARIA MUNICIPAL DE INFRAESTRUTURA E URBANIZACAO	300049.0052	BANCO DIAMANTE CURVO - LEGNO CT BC VERNIZ PE C CZ R7012 MAD RE	301	DIAMANTE	10,0000	0,0000	10,0000	16000,0000	30/03/2026	24140,00	11200,00	2026,20	9332,80	0,000000	1678,7578	0,0000	225,0750	AL	ESCRITEC COMERCIO E SERVICOS LTDA	19/11/2024	ORGAO PUBLICO MUNICIPAL
19/02/2026	4571	FUNDO DA SECRETARIA MUNICIPAL DE INFRAESTRUTURA E URBANIZACAO	300090.0004	BANCO VOLTA TRIANGULO CT BC VERNIZ	301	VOLTA	2,0000	0,0000	2,0000	38196,3800	30/03/2026	11525,76	5347,49	967,42	4455,99	0,000000	6369,5646	0,0000	1279,3450	AL	ESCRITEC COMERCIO E SERVICOS LTDA	19/11/2024	ORGAO PUBLICO MUNICIPAL
19/02/2026	4570	FUNDO DA SECRETARIA MUNICIPAL DE INFRAESTRUTURA E URBANIZACAO	200071.0008	BANCO YOO PARA MESA DE JOGOS CZ 7012 FM MAD REFL CASTA DECK	201	YOO	2,0000	0,0000	0,0000	1179,6610	21/05/2026	367,53	170,52	29,58	136,26	0,000000	248,1225	0,0000	0,0000	AL	ESCRITEC COMERCIO E SERVICOS LTDA	19/11/2024	ORGAO PUBLICO MUNICIPAL
19/02/2026	4570	FUNDO DA SECRETARIA MUNICIPAL DE INFRAESTRUTURA E URBANIZACAO	100234.0004	LUMINARIA STELLA T 4M DUPLA CINZA R7001	107	STELLA	6,0000	0,0000	0,0000	6909,7047	21/05/2026	6567,76	3047,18	517,06	2381,63	0,000000	2040,4824	0,0000	0,0000	AL	ESCRITEC COMERCIO E SERVICOS LTDA	19/11/2024	ORGAO PUBLICO MUNICIPAL
19/02/2026	4571	FUNDO DA SECRETARIA MUNICIPAL DE INFRAESTRUTURA E URBANIZACAO	100224.0004	LUMINARIA STELLA L 4 MT CZ 7001 FM SIMPLES	107	STELLA	4,0000	0,0000	4,0000	4797,7047	30/03/2026	3040,19	1410,53	239,35	1102,44	0,000000	0,0000	0,0000	0,0000	AL	ESCRITEC COMERCIO E SERVICOS LTDA	19/11/2024	ORGAO PUBLICO MUNICIPAL
19/02/2026	4570	FUNDO DA SECRETARIA MUNICIPAL DE INFRAESTRUTURA E URBANIZACAO	100224.0004	LUMINARIA STELLA L 4 MT CZ 7001 FM SIMPLES	107	STELLA	1,0000	0,0000	0,0000	4797,7047	21/05/2026	760,05	352,63	59,84	275,61	0,000000	0,0000	0,0000	0,0000	AL	ESCRITEC COMERCIO E SERVICOS LTDA	19/11/2024	ORGAO PUBLICO MUNICIPAL
19/02/2026	4571	FUNDO DA SECRETARIA MUNICIPAL DE INFRAESTRUTURA E URBANIZACAO	300134.0003	BANCO ONDA D COM USB MONT CT BC HIDROR	301	ONDA	1,0000	0,0000	1,0000	8000,0000	30/03/2026	1207,00	560,00	101,31	466,64	0,000000	1337,9938	0,0000	191,5500	AL	ESCRITEC COMERCIO E SERVICOS LTDA	19/11/2024	ORGAO PUBLICO MUNICIPAL
19/02/2026	4570	FUNDO DA SECRETARIA MUNICIPAL DE INFRAESTRUTURA E URBANIZACAO	300134.0003	BANCO ONDA D COM USB MONT CT BC HIDROR	301	ONDA	5,0000	0,0000	0,0000	8000,0000	21/05/2026	6035,00	2800,00	506,55	2333,20	0,000000	1337,9938	0,0000	191,5500	AL	ESCRITEC COMERCIO E SERVICOS LTDA	19/11/2024	ORGAO PUBLICO MUNICIPAL
20/02/2026	4576	FUNDO DA SECRETARIA MUNICIPAL DE INFRAESTRUTURA E URBANIZACAO	300134.0003	BANCO ONDA D COM USB MONT CT BC HIDROR	301	ONDA	1,0000	0,0000	1,0000	8000,0000	24/03/2026	1207,00	560,00	101,31	466,64	0,000000	1337,9938	0,0000	191,5500	AL	ESCRITEC COMERCIO E SERVICOS LTDA	19/11/2024	ORGAO PUBLICO MUNICIPAL
20/02/2026	4577	FUNDO DA SECRETARIA MUNICIPAL DE INFRAESTRUTURA E URBANIZACAO	200045.0017	MESA YOO DE JOGOS PR R9005 FOSC MICR MAD REFL CASTA DECK	202	YOO	16,0000	0,0000	0,0000	2203,3898	21/05/2026	5491,85	2548,00	442,06	2036,13	0,000000	829,4660	0,0000	0,0000	AL	ESCRITEC COMERCIO E SERVICOS LTDA	19/11/2024	ORGAO PUBLICO MUNICIPAL
20/02/2026	4577	FUNDO DA SECRETARIA MUNICIPAL DE INFRAESTRUTURA E URBANIZACAO	300054.0027	BANCO DIAMANTE MODULAR ASSENTO DUPLO CT BC VERNIZ PE C CZ R7012 MAD RE	301	DIAMANTE	5,0000	0,0000	0,0000	16000,0000	21/05/2026	12070,00	5600,00	1013,10	4666,40	0,000000	2476,0453	0,0000	216,5500	AL	ESCRITEC COMERCIO E SERVICOS LTDA	19/11/2024	ORGAO PUBLICO MUNICIPAL
20/02/2026	4577	FUNDO DA SECRETARIA MUNICIPAL DE INFRAESTRUTURA E URBANIZACAO	300002.0033	BANCO DIAMANTE CURVO CT BC VERNIZ PE C CZ BASALTO R7012	301	DIAMANTE	5,0000	0,0000	0,0000	6500,0000	21/05/2026	4903,44	2275,00	411,57	1895,73	0,000000	1678,7578	0,0000	218,8250	AL	ESCRITEC COMERCIO E SERVICOS LTDA	19/11/2024	ORGAO PUBLICO MUNICIPAL
20/02/2026	4577	FUNDO DA SECRETARIA MUNICIPAL DE INFRAESTRUTURA E URBANIZACAO	300066.0012	BANCO DEMETRA 1800 POWER LIGHT CT BC VERNIZ C/USB	301	DEMETRA	21,0000	0,0000	0,0000	5048,0000	21/05/2026	15993,96	7420,56	1342,46	6183,45	0,000000	1141,6778	0,0000	291,0000	AL	ESCRITEC COMERCIO E SERVICOS LTDA	19/11/2024	ORGAO PUBLICO MUNICIPAL
20/02/2026	4576	FUNDO DA SECRETARIA MUNICIPAL DE INFRAESTRUTURA E URBANIZACAO	200071.0008	BANCO YOO PARA MESA DE JOGOS CZ 7012 FM MAD REFL CASTA DECK	201	YOO	1,0000	0,0000	1,0000	1179,6610	24/03/2026	183,77	85,26	14,79	68,13	0,000000	248,1225	0,0000	0,0000	AL	ESCRITEC COMERCIO E SERVICOS LTDA	19/11/2024	ORGAO PUBLICO MUNICIPAL
20/02/2026	4576	FUNDO DA SECRETARIA MUNICIPAL DE INFRAESTRUTURA E URBANIZACAO	300006.0017	BALIZADOR BOLA CT BC VERNIZ C/ FIX C/EMB	303	BOLA	4,0000	0,0000	4,0000	650,0000	24/03/2026	392,28	182,00	32,93	151,66	0,000000	115,1152	0,0000	49,5000	AL	ESCRITEC COMERCIO E SERVICOS LTDA	19/11/2024	ORGAO PUBLICO MUNICIPAL
20/02/2026	4576	FUNDO DA SECRETARIA MUNICIPAL DE INFRAESTRUTURA E URBANIZACAO	100193.0020	BEBEDOURO FUENTE PT CZ R7012 FOSC MICR C/FILTRO	109	FUENTE	1,0000	0,0000	1,0000	8587,3047	24/03/2026	1360,39	631,17	107,10	493,31	0,000000	1303,2000	0,0000	0,0000	AL	ESCRITEC COMERCIO E SERVICOS LTDA	19/11/2024	ORGAO PUBLICO MUNICIPAL
20/02/2026	4576	FUNDO DA SECRETARIA MUNICIPAL DE INFRAESTRUTURA E URBANIZACAO	100054.0008	LUMINARIA TOSCANA 3MT CZ R7001 FOSC MICR	107	TOSCANA	1,0000	0,0000	1,0000	5714,2857	24/03/2026	905,25	420,00	71,27	328,27	0,000000	867,0800	0,0000	0,0000	AL	ESCRITEC COMERCIO E SERVICOS LTDA	19/11/2024	ORGAO PUBLICO MUNICIPAL
20/02/2026	4576	FUNDO DA SECRETARIA MUNICIPAL DE INFRAESTRUTURA E URBANIZACAO	100234.0004	LUMINARIA STELLA T 4M DUPLA CINZA R7001	107	STELLA	6,0000	0,0000	6,0000	6909,7047	24/03/2026	6567,76	3047,18	517,06	2381,63	0,000000	2040,4824	0,0000	0,0000	AL	ESCRITEC COMERCIO E SERVICOS LTDA	19/11/2024	ORGAO PUBLICO MUNICIPAL
20/02/2026	4576	FUNDO DA SECRETARIA MUNICIPAL DE INFRAESTRUTURA E URBANIZACAO	100224.0004	LUMINARIA STELLA L 4 MT CZ 7001 FM SIMPLES	107	STELLA	1,0000	0,0000	1,0000	4797,7047	24/03/2026	760,05	352,63	59,84	275,61	0,000000	0,0000	0,0000	0,0000	AL	ESCRITEC COMERCIO E SERVICOS LTDA	19/11/2024	ORGAO PUBLICO MUNICIPAL
20/02/2026	4577	FUNDO DA SECRETARIA MUNICIPAL DE INFRAESTRUTURA E URBANIZACAO	300134.0003	BANCO ONDA D COM USB MONT CT BC HIDROR	301	ONDA	1,0000	0,0000	0,0000	8000,0000	21/05/2026	1207,00	560,00	101,31	466,64	0,000000	1337,9938	0,0000	191,5500	AL	ESCRITEC COMERCIO E SERVICOS LTDA	19/11/2024	ORGAO PUBLICO MUNICIPAL
20/02/2026	4572	MARENE EMPREENDIMENTOS IMOBILIARIOS SPE LTDA.	100038.0016	BICICLETARIO GUARDIA GR 7016 FM	103	GUARDIA	3,0000	0,0000	3,0000	1167,0296	21/04/2026	268,99	441,14	46,05	212,11	0,000000	372,8200	0,0000	0,0000	SP	VENDEDOR INTERNO - 5	20/02/2026	CONSTRUTORAS/INCORPORADORAS
20/02/2026	4572	MARENE EMPREENDIMENTOS IMOBILIARIOS SPE LTDA.	300096.0006	BANCO VENEZIA 1900 MM CT CZ HIDROR	301	VENEZIA	2,0000	0,0000	2,0000	1382,5152	21/04/2026	202,32	331,80	36,81	169,55	0,000000	201,5304	0,0000	206,8000	SP	VENDEDOR INTERNO - 5	20/02/2026	CONSTRUTORAS/INCORPORADORAS
20/02/2026	4572	MARENE EMPREENDIMENTOS IMOBILIARIOS SPE LTDA.	300105.0007	BANCO VENEZIA B - ASSENTO SIMPLES CT CZ HIDROR MAD REFL CASTA DECK	301	VENEZIA	1,0000	0,0000	1,0000	2412,6696	21/04/2026	176,54	289,52	32,12	147,94	0,000000	393,1477	0,0000	194,3000	SP	VENDEDOR INTERNO - 5	20/02/2026	CONSTRUTORAS/INCORPORADORAS
20/02/2026	4572	MARENE EMPREENDIMENTOS IMOBILIARIOS SPE LTDA.	100018.0013	LIXEIRA BRAVO COLONIAL SIMPLES GR R7016 FOSC MICR GR 7016 FM CASTA DEC	102	BRAVO	2,0000	0,0000	2,0000	1740,8424	21/04/2026	267,49	438,69	45,80	210,94	0,000000	480,1900	0,0000	0,0000	SP	VENDEDOR INTERNO - 5	20/02/2026	CONSTRUTORAS/INCORPORADORAS
20/02/2026	4572	MARENE EMPREENDIMENTOS IMOBILIARIOS SPE LTDA.	300147.0007	MESA AIR C CT CZ GR 7016 FM	308	AIR/PIC NIC	2,0000	0,0000	2,0000	7311,5240	21/04/2026	1069,98	1754,77	194,67	896,67	0,000000	687,1425	0,0000	299,1800	SP	VENDEDOR INTERNO - 5	20/02/2026	CONSTRUTORAS/INCORPORADORAS
20/02/2026	4573	YES ENGENHARIA LTDA	500124.0003	TOTEM SMART ENERGY MAD REFL CASTA DECK	104	ITENS ESPECIAIS	2,0000	0,0000	0,0000	23845,0793	16/04/2026	3489,52	5722,82	634,88	2924,31	0,000000	6741,5600	0,0000	0,0000	SP	METALCO DO BRASIL LTDA	20/02/2026	CONSTRUTORAS/INCORPORADORAS
20/02/2026	4578	MELNICK EVEN PITANGUEIRA EMPREENDIMENTO IMOBILIARIO SPE LTDA.	300110.0001	BANCO STONE G CT BC HIDROR	301	STONE	2,0000	0,0000	2,0000	8030,0972	20/04/2026	0,00	2730,23	219,94	1013,08	0,000000	1734,5810	0,0000	290,3000	RS	VENDEDOR INTERNO - 3	20/02/2026	CONSTRUTORAS/INCORPORADORAS
20/02/2026	4578	MELNICK EVEN PITANGUEIRA EMPREENDIMENTO IMOBILIARIO SPE LTDA.	300125.0004	BANCO STONE M CT BC HIDROR	301	STONE	4,0000	0,0000	0,0000	6844,1393	20/04/2026	0,00	4654,02	374,92	1726,91	0,000000	1294,0785	0,0000	233,7400	RS	VENDEDOR INTERNO - 3	20/02/2026	CONSTRUTORAS/INCORPORADORAS
23/02/2026	4582	IMART COMERCIO DE EQUIPAMENTOS PARA VAREJO E ESCRITORIOS LTDA	500930.0001	BANCO MALY ESP PERSONALIZADO GIARDINO SANTA EMILIA CT CZ HIDROR GR 701	301	MALY	8,0000	0,0000	8,0000	1020,9595	10/04/2026	0,00	571,74	125,33	577,29	0,000000	511,7937	0,0000	127,0750	GO	O2 - ARQUITETURA E REPRESENTACOES LTDA	22/05/2020	REVENDA DE MÓVEIS CORPORATIVO
23/02/2026	4580	BAD COMERCIO DE ALIMENTOS LTDA	400006.0001	CONJ MESA RETA C/BANCOS ESTRU PINTADA E FIBRA CELULOSICA C/FURO P/OMBR	111	ARCOS DOURADOS	2,0000	0,0000	0,0000	2902,7808	24/04/2026	0,00	719,31	83,92	386,56	0,000000	1587,6650	0,0000	0,0000	SP	METALCO DO BRASIL LTDA	03/09/2021	REDES NACIONAIS
23/02/2026	4581	D E H COMERCIO DE PERSIANAS LTDA	300124.0002	BANCO STONE P CT BC HIDROR	301	STONE	2,0000	0,0000	0,0000	1831,5840	24/04/2026	0,00	245,70	53,86	248,09	0,000000	685,0304	0,0000	193,7300	PB	D E H COMERCIO DE PERSIANAS LTDA	04/09/2024	DISTRIBUIDOR AUTORIZADO BLACK
23/02/2026	4581	D E H COMERCIO DE PERSIANAS LTDA	100035.0005	FLOREIRA ASTER 750X625 PT R9006 FOSC MICR	105	ASTER	2,0000	0,0000	0,0000	1192,0280	24/04/2026	0,00	159,91	35,05	161,46	0,000000	405,6887	0,0000	57,1775	PB	D E H COMERCIO DE PERSIANAS LTDA	04/09/2024	DISTRIBUIDOR AUTORIZADO BLACK
23/02/2026	4581	D E H COMERCIO DE PERSIANAS LTDA	500437.0005	BANCO STONE M FIBRA BRANCO R9010 FOSCO	499	STONE	1,0000	0,0000	0,0000	3399,6240	24/04/2026	0,00	228,03	49,99	230,24	0,000000	2794,8593	0,0000	1,2500	PB	D E H COMERCIO DE PERSIANAS LTDA	04/09/2024	DISTRIBUIDOR AUTORIZADO BLACK
23/02/2026	4581	D E H COMERCIO DE PERSIANAS LTDA	200017.0008	BANCO IDEA L D - 3M C/ ENCOSTO DUPLO CZ R7001 FOSC MICR CASTA DECK	201	IDEA	1,0000	0,0000	0,0000	3258,7960	24/04/2026	0,00	218,58	47,92	220,70	0,000000	0,0000	0,0000	0,0000	PB	D E H COMERCIO DE PERSIANAS LTDA	04/09/2024	DISTRIBUIDOR AUTORIZADO BLACK
23/02/2026	4581	D E H COMERCIO DE PERSIANAS LTDA	100010.0018	BICICLETARIO SPYRA 6 CZ R7012 FOSC MICR	103	SPYRA	1,0000	0,0000	0,0000	1003,7800	24/04/2026	0,00	67,33	14,76	67,98	0,000000	601,6766	0,0000	0,0000	PB	D E H COMERCIO DE PERSIANAS LTDA	04/09/2024	DISTRIBUIDOR AUTORIZADO BLACK
23/02/2026	4581	D E H COMERCIO DE PERSIANAS LTDA	100189.0027	LIXEIRA BOX WOOD A - 50L CZ R9007 FOSC MICR MAD REFL CASTA DECK	102	BOX	1,0000	0,0000	0,0000	1148,8360	24/04/2026	0,00	77,06	16,89	77,81	0,000000	753,0000	0,0000	0,0000	PB	D E H COMERCIO DE PERSIANAS LTDA	04/09/2024	DISTRIBUIDOR AUTORIZADO BLACK
24/02/2026	4583	WEST SIDE COMERCIO DE ALIMENTOS LTDA	400006.0001	CONJ MESA RETA C/BANCOS ESTRU PINTADA E FIBRA CELULOSICA C/FURO P/OMBR	111	ARCOS DOURADOS	2,0000	0,0000	0,0000	2902,7808	23/04/2026	0,00	719,31	83,92	386,56	0,000000	1587,6650	0,0000	0,0000	SP	METALCO DO BRASIL LTDA	18/03/2021	REDES NACIONAIS
24/02/2026	4583	WEST SIDE COMERCIO DE ALIMENTOS LTDA	100189.0018	LIXEIRA BOX WOOD 50 L GR R7016 FOSC MICR MAD REFL CASTA DECK	102	BOX	3,0000	0,0000	0,0000	1582,0800	23/04/2026	0,00	598,03	68,45	315,26	0,000000	1133,7500	0,0000	0,0000	SP	METALCO DO BRASIL LTDA	18/03/2021	REDES NACIONAIS
24/02/2026	4586	FUNDO DA SECRETARIA MUNICIPAL DE INFRAESTRUTURA E URBANIZACAO	300006.0017	BALIZADOR BOLA CT BC VERNIZ C/ FIX C/EMB	303	BOLA	99,0000	0,0000	99,0000	650,0000	06/03/2026	9708,81	4504,50	814,91	3753,54	0,000000	115,1152	0,0000	49,5000	AL	ESCRITEC COMERCIO E SERVICOS LTDA	19/11/2024	ORGAO PUBLICO MUNICIPAL
24/02/2026	4586	FUNDO DA SECRETARIA MUNICIPAL DE INFRAESTRUTURA E URBANIZACAO	200071.0006	BANCO YOO PARA MESA DE JOGOS GR 7016 FM MAD REFL CASTA DECK	201	YOO	9,0000	0,0000	9,0000	1179,6610	06/03/2026	1653,89	767,34	133,13	613,19	0,000000	253,0583	0,0000	0,0000	AL	ESCRITEC COMERCIO E SERVICOS LTDA	19/11/2024	ORGAO PUBLICO MUNICIPAL
24/02/2026	4586	FUNDO DA SECRETARIA MUNICIPAL DE INFRAESTRUTURA E URBANIZACAO	300041.0003	BALIZADOR CUBO CT BC	303	CUBO	28,0000	0,0000	28,0000	847,0000	06/03/2026	3578,15	1660,12	300,33	1383,35	0,000000	268,8850	0,0000	143,1000	AL	ESCRITEC COMERCIO E SERVICOS LTDA	19/11/2024	ORGAO PUBLICO MUNICIPAL
24/02/2026	4584	V. FAIR TRADE COMERCIO E EXPORTACAO DE CALCADOS E ACESSORIOS LTDA	500436.0004	BANCO STONE P FIBRA BRANCO R9010	499	ITENS ESPECIAIS	2,0000	0,0000	0,0000	6058,5618	08/04/2026	0,00	1501,31	175,16	806,80	0,000000	2324,4325	0,0000	10,0000	SP	METALCO DO BRASIL LTDA	06/01/2026	OUTRAS INDUSTRIAS
25/02/2026	4587	FUNDO DA SECRETARIA MUNICIPAL DE INFRAESTRUTURA E URBANIZACAO	300006.0017	BALIZADOR BOLA CT BC VERNIZ C/ FIX C/EMB	303	BOLA	1,0000	0,0000	1,0000	650,0000	24/03/2026	98,07	45,50	8,23	37,91	0,000000	115,1152	0,0000	49,5000	AL	ESCRITEC COMERCIO E SERVICOS LTDA	19/11/2024	ORGAO PUBLICO MUNICIPAL
25/02/2026	4587	FUNDO DA SECRETARIA MUNICIPAL DE INFRAESTRUTURA E URBANIZACAO	300090.0004	BANCO VOLTA TRIANGULO CT BC VERNIZ	301	VOLTA	9,0000	0,0000	9,0000	38196,3800	24/03/2026	51865,91	24063,72	4353,38	20051,95	0,000000	6369,5646	0,0000	1279,3450	AL	ESCRITEC COMERCIO E SERVICOS LTDA	19/11/2024	ORGAO PUBLICO MUNICIPAL
25/02/2026	4587	FUNDO DA SECRETARIA MUNICIPAL DE INFRAESTRUTURA E URBANIZACAO	300124.0004	BANCO STONE P CT BC VERNIZ	301	STONE	1,0000	0,0000	1,0000	9700,0000	24/03/2026	1463,49	679,00	122,84	565,80	0,000000	689,3810	0,0000	193,7300	AL	ESCRITEC COMERCIO E SERVICOS LTDA	19/11/2024	ORGAO PUBLICO MUNICIPAL
25/02/2026	4587	FUNDO DA SECRETARIA MUNICIPAL DE INFRAESTRUTURA E URBANIZACAO	300049.0046	BANCO DIAMANTE CURVO - LEGNO CT BC VERNIZ PE C GR 7016 FM MAD	301	DIAMANTE	11,0000	0,0000	11,0000	16000,0000	24/03/2026	26554,00	12320,00	2228,82	10266,08	0,000000	2541,0706	0,0000	225,0750	AL	ESCRITEC COMERCIO E SERVICOS LTDA	19/11/2024	ORGAO PUBLICO MUNICIPAL
25/02/2026	4587	FUNDO DA SECRETARIA MUNICIPAL DE INFRAESTRUTURA E URBANIZACAO	100193.0014	BEBEDOURO FLUENTE PET GR R7016 FOSC MICR C/FILTRO	109	FUENTE	1,0000	0,0000	1,0000	8587,3047	24/03/2026	1360,39	631,17	107,10	493,31	0,000000	1326,6000	0,0000	0,0000	AL	ESCRITEC COMERCIO E SERVICOS LTDA	19/11/2024	ORGAO PUBLICO MUNICIPAL
25/02/2026	4587	FUNDO DA SECRETARIA MUNICIPAL DE INFRAESTRUTURA E URBANIZACAO	300019.0006	BICICLETARIO PB 1 CT BC VERNIZ	304	PB1	1,0000	0,0000	1,0000	750,0000	24/03/2026	113,16	52,50	9,50	43,75	0,000000	91,4984	0,0000	73,3100	AL	ESCRITEC COMERCIO E SERVICOS LTDA	19/11/2024	ORGAO PUBLICO MUNICIPAL
25/02/2026	4587	FUNDO DA SECRETARIA MUNICIPAL DE INFRAESTRUTURA E URBANIZACAO	200071.0006	BANCO YOO PARA MESA DE JOGOS GR 7016 FM MAD REFL CASTA DECK	201	YOO	1,0000	0,0000	1,0000	1179,6610	24/03/2026	183,77	85,26	14,79	68,13	0,000000	253,0583	0,0000	0,0000	AL	ESCRITEC COMERCIO E SERVICOS LTDA	19/11/2024	ORGAO PUBLICO MUNICIPAL
25/02/2026	4587	FUNDO DA SECRETARIA MUNICIPAL DE INFRAESTRUTURA E URBANIZACAO	100224.0005	LUMINARIA STELLA L 4 MT GR 7016 FM SIMPLES	107	STELLA	1,0000	0,0000	1,0000	4797,7047	24/03/2026	760,05	352,63	59,84	275,61	0,000000	0,0000	0,0000	0,0000	AL	ESCRITEC COMERCIO E SERVICOS LTDA	19/11/2024	ORGAO PUBLICO MUNICIPAL
25/02/2026	4587	FUNDO DA SECRETARIA MUNICIPAL DE INFRAESTRUTURA E URBANIZACAO	100054.0005	LUMINARIA TOSCANA 3MT GR R7016 FOSC MICR	107	TOSCANA	1,0000	0,0000	1,0000	5714,2857	24/03/2026	905,25	420,00	71,27	328,27	0,000000	887,1885	0,0000	0,0000	AL	ESCRITEC COMERCIO E SERVICOS LTDA	19/11/2024	ORGAO PUBLICO MUNICIPAL
25/02/2026	4587	FUNDO DA SECRETARIA MUNICIPAL DE INFRAESTRUTURA E URBANIZACAO	500781	BALIZADOR	110	BITTA	1,0000	0,0000	1,0000	828,5714	24/03/2026	131,26	60,90	10,33	47,60	0,000000	0,0000	0,0000	0,0000	AL	ESCRITEC COMERCIO E SERVICOS LTDA	19/11/2024	ORGAO PUBLICO MUNICIPAL
25/02/2026	4587	FUNDO DA SECRETARIA MUNICIPAL DE INFRAESTRUTURA E URBANIZACAO	100234.0003	LUMINARIA STELLA T 4M DUPLA GR R7016 FOSC MICR	107	STELLA	2,0000	0,0000	2,0000	6909,7047	24/03/2026	2189,25	1015,73	172,35	793,88	0,000000	2040,4824	0,0000	0,0000	AL	ESCRITEC COMERCIO E SERVICOS LTDA	19/11/2024	ORGAO PUBLICO MUNICIPAL
26/02/2026	4591	IRMANDADE NOSSA SENHORA DAS MERCEDES DE MONTES CLAROS	300050.0033	BANCO DIAMANTE RETO LEGNO CT CZ HIDROR PE ZERO GR 7016 FM MAD REFL CAS	301	DIAMANTE	1,0000	0,0000	0,0000	4842,4360	13/04/2026	354,32	581,09	64,47	296,93	0,000000	2065,1245	0,0000	216,5500	MG	AV MOBILIARIOS CORPORATIVOS LTDA	26/02/2026	ESCOLAS/UNIVERSIDADES
26/02/2026	4591	IRMANDADE NOSSA SENHORA DAS MERCEDES DE MONTES CLAROS	300035.0017	BANCO GAIVOTA DUPLO CT CZ MAD REFL CASTA DECK	301	GAIVOTA	3,0000	0,0000	0,0000	7277,4114	13/04/2026	1597,48	2619,87	290,65	1338,73	0,000000	2699,5288	0,0000	295,1000	MG	AV MOBILIARIOS CORPORATIVOS LTDA	26/02/2026	ESCOLAS/UNIVERSIDADES
26/02/2026	4591	IRMANDADE NOSSA SENHORA DAS MERCEDES DE MONTES CLAROS	300190.0002	BANCO DIAMANTE B CT CZ HIDROR PE C GR 7016 FM MAD REFL CASTA DECK	301	DIAMANTE	2,0000	0,0000	0,0000	4326,3679	13/04/2026	633,13	1038,33	115,19	530,58	0,000000	1866,1599	0,0000	225,0750	MG	AV MOBILIARIOS CORPORATIVOS LTDA	26/02/2026	ESCOLAS/UNIVERSIDADES
26/02/2026	4591	IRMANDADE NOSSA SENHORA DAS MERCEDES DE MONTES CLAROS	300053.0027	BANCO DIAMANTE MODULAR ASSENTO SIMPLES CT CZ HIDROR PE C GR 7016 FM MA	301	DIAMANTE	4,0000	0,0000	0,0000	4386,6644	13/04/2026	1283,90	2105,60	233,59	1075,94	0,000000	1924,6711	0,0000	216,5500	MG	AV MOBILIARIOS CORPORATIVOS LTDA	26/02/2026	ESCOLAS/UNIVERSIDADES
26/02/2026	4591	IRMANDADE NOSSA SENHORA DAS MERCEDES DE MONTES CLAROS	300146.0003	BANCO NATURAL PUZZLE CT CZ HIDROR	301	PUZZLE	2,0000	0,0000	0,0000	3218,2499	13/04/2026	470,96	772,38	85,69	394,68	0,000000	1078,5988	0,0000	155,3500	MG	AV MOBILIARIOS CORPORATIVOS LTDA	26/02/2026	ESCOLAS/UNIVERSIDADES
26/02/2026	4591	IRMANDADE NOSSA SENHORA DAS MERCEDES DE MONTES CLAROS	300049.0044	BANCO DIAMANTE CURVO LEGNO CT CZ HIDROR PE ZERO GR 7016 FM MAD REFL CA	301	DIAMANTE	2,0000	0,0000	0,0000	4821,0448	13/04/2026	705,52	1157,05	128,36	591,24	0,000000	1974,8463	0,0000	225,0750	MG	AV MOBILIARIOS CORPORATIVOS LTDA	26/02/2026	ESCOLAS/UNIVERSIDADES
26/02/2026	4591	IRMANDADE NOSSA SENHORA DAS MERCEDES DE MONTES CLAROS	300179.0003	BANCO TWIN B CT CZ HIDROR	301	TWIN	3,0000	0,0000	0,0000	6990,8815	13/04/2026	1534,58	2516,72	279,20	1286,02	0,000000	2732,7596	0,0000	235,9500	MG	AV MOBILIARIOS CORPORATIVOS LTDA	26/02/2026	ESCOLAS/UNIVERSIDADES
26/02/2026	4591	IRMANDADE NOSSA SENHORA DAS MERCEDES DE MONTES CLAROS	300055.0021	BANCO DIAMANTE MODULAR ENCOSTO BILATERAL DIREITO CT CZ HIDROR PE C GR	301	DIAMANTE	1,0000	0,0000	0,0000	5620,5848	13/04/2026	411,26	674,47	74,83	344,65	0,000000	3164,3114	0,0000	216,5500	MG	AV MOBILIARIOS CORPORATIVOS LTDA	26/02/2026	ESCOLAS/UNIVERSIDADES
26/02/2026	4591	IRMANDADE NOSSA SENHORA DAS MERCEDES DE MONTES CLAROS	300183.0003	PING PONG TABLE CT CZ HIDROR PR 9005 FM	308	PING PONG	1,0000	0,0000	0,0000	5202,0414	13/04/2026	380,64	624,24	69,25	318,98	0,000000	1819,1530	0,0000	428,8500	MG	AV MOBILIARIOS CORPORATIVOS LTDA	26/02/2026	ESCOLAS/UNIVERSIDADES
26/02/2026	4591	IRMANDADE NOSSA SENHORA DAS MERCEDES DE MONTES CLAROS	100253.0010	BICICLETARIO SPYRA CL B GR R7016 FOSC MICR	103	SPYRA	1,0000	0,0000	0,0000	3112,9819	13/04/2026	239,17	392,24	40,95	188,60	0,000000	653,8906	0,0000	179,9600	MG	AV MOBILIARIOS CORPORATIVOS LTDA	26/02/2026	ESCOLAS/UNIVERSIDADES
26/02/2026	4591	IRMANDADE NOSSA SENHORA DAS MERCEDES DE MONTES CLAROS	300126.0026	LIXEIRA Q GR 7016 FM CT CZ HIDROR	305	Q	20,0000	0,0000	0,0000	2081,6714	13/04/2026	3046,35	4996,01	554,25	2552,92	0,000000	875,0813	0,0000	238,4500	MG	AV MOBILIARIOS CORPORATIVOS LTDA	26/02/2026	ESCOLAS/UNIVERSIDADES
26/02/2026	4591	IRMANDADE NOSSA SENHORA DAS MERCEDES DE MONTES CLAROS	300054.0028	BANCO DIAMANTE MODULAR ASSENTO DUPLO CT CZ HIDROR PE C GR 7016 FM MAD	301	DIAMANTE	1,0000	0,0000	0,0000	5370,4640	13/04/2026	392,96	644,46	71,50	329,31	0,000000	2336,8236	0,0000	216,5500	MG	AV MOBILIARIOS CORPORATIVOS LTDA	26/02/2026	ESCOLAS/UNIVERSIDADES
26/02/2026	4591	IRMANDADE NOSSA SENHORA DAS MERCEDES DE MONTES CLAROS	200097.0002	DIAMANTE WT GR R7016 FOSC MICR MAD REFL CASTA DECK	201	DIAMANTE	2,0000	0,0000	0,0000	6024,6706	13/04/2026	910,31	1492,91	159,16	733,11	0,000000	213,2625	0,0000	0,0000	MG	AV MOBILIARIOS CORPORATIVOS LTDA	26/02/2026	ESCOLAS/UNIVERSIDADES
27/02/2026	4594	R. DIMER EMPREENDIMENTOS IMOBILIARIOS LTDA	300087.0003	BANCO IBIRAPUERA CT CZ VERNIZ	301	IBIRAPUERA	2,0000	0,0000	0,0000	5400,8424	27/04/2026	0,00	1836,29	147,93	681,37	0,000000	1234,3989	0,0000	385,1000	RS	HUBB SERVICOS DE INSTALACOES E MONTAGENS LTDA	03/11/2021	CONSTRUTORAS/INCORPORADORAS
27/02/2026	4595	ARCOS DOURADOS COMERCIO DE ALIMENTOS SA	400006.0001	CONJ MESA RETA C/BANCOS ESTRU PINTADA E FIBRA CELULOSICA C/FURO P/OMBR	111	ARCOS DOURADOS	2,0000	0,0000	0,0000	3023,7300	05/05/2026	0,00	749,28	87,42	402,66	0,000000	1587,6650	0,0000	0,0000	SP	METALCO DO BRASIL LTDA	05/10/2016	REDES NACIONAIS
02/03/2026	4599	LEGNA REPRESENTACAO COMERCIAL LTDA	100001.0014	FLOREIRA DAHLIA 950X980 PT R9006 FOSC MICR	105	DAHLIA	2,0000	0,0000	0,0000	2526,2652	16/04/2026	0,00	353,68	77,53	357,11	0,000000	2070,6400	0,0000	1,2500	PE	LEGNA REPRESENTACAO COMERCIAL LTDA	11/08/2023	DISTRIBUIDOR AUTORIZADO BLACK
02/03/2026	4597	LEGNA REPRESENTACAO COMERCIAL LTDA	300006.0019	BALIZADOR BOLA CT CZ HIDROR C/ FIX C/EMB	303	BOLA	4,0000	0,0000	4,0000	334,9780	08/04/2026	0,00	93,79	20,56	94,71	0,000000	84,0169	0,0000	49,5000	PE	LEGNA REPRESENTACAO COMERCIAL LTDA	11/08/2023	DISTRIBUIDOR AUTORIZADO BLACK
03/03/2026	4602	VILLAGIO BOURBON CONDOMINIO HORIZONTAL	300130.0012	BANCO ONDA E MAD REFL INCO UV GL CT BC VERNIZ	301	ONDA	3,0000	0,0000	0,0000	4143,8681	16/04/2026	1158,22	1491,79	161,40	743,40	0,000000	1721,7643	0,0000	189,0500	PR	AGAVE MOVEIS E DECORACOES LTDA	02/03/2026	CONDOMÍNIOS/ASSOCIAÇŐES/CLUBES
03/03/2026	4602	VILLAGIO BOURBON CONDOMINIO HORIZONTAL	300126.0013	LIXEIRA Q GR 7016 FM CT BC VERNIZ	305	Q	4,0000	0,0000	0,0000	2475,8819	16/04/2026	922,69	1188,42	128,57	592,22	0,000000	963,1007	0,0000	238,4500	PR	AGAVE MOVEIS E DECORACOES LTDA	02/03/2026	CONDOMÍNIOS/ASSOCIAÇŐES/CLUBES
03/03/2026	4602	VILLAGIO BOURBON CONDOMINIO HORIZONTAL	300129.0001	BANCO ONDA C CT BC VERNIZ	301	ONDA	3,0000	0,0000	0,0000	3071,5319	16/04/2026	858,50	1105,75	119,63	551,03	0,000000	1258,5182	0,0000	185,3000	PR	AGAVE MOVEIS E DECORACOES LTDA	02/03/2026	CONDOMÍNIOS/ASSOCIAÇŐES/CLUBES
03/03/2026	4602	VILLAGIO BOURBON CONDOMINIO HORIZONTAL	300058.0013	BANCO SARAH E - ENCOSTO SIMPLES CT BC VERNIZ MAD REFL INCO UV GL ENC D	301	SARAH	3,0000	0,0000	0,0000	3046,4310	16/04/2026	851,49	1096,71	118,65	546,52	0,000000	1092,8377	0,0000	218,2600	PR	AGAVE MOVEIS E DECORACOES LTDA	02/03/2026	CONDOMÍNIOS/ASSOCIAÇŐES/CLUBES
03/03/2026	4602	VILLAGIO BOURBON CONDOMINIO HORIZONTAL	300058.0012	BANCO SARAH E - ENCOSTO SIMPLES CT BC VERNIZ MAD REFL INCO UV GL ESQ	301	SARAH	3,0000	0,0000	0,0000	3046,4310	16/04/2026	851,49	1096,71	118,65	546,52	0,000000	1090,1377	0,0000	218,2600	PR	AGAVE MOVEIS E DECORACOES LTDA	02/03/2026	CONDOMÍNIOS/ASSOCIAÇŐES/CLUBES
03/03/2026	4602	VILLAGIO BOURBON CONDOMINIO HORIZONTAL	300135.0006	BANCO ONDA D MAD REFL INCO UV GL CT BC VERNIZ	301	ONDA	3,0000	0,0000	0,0000	3354,7687	16/04/2026	937,67	1207,72	130,66	601,84	0,000000	1218,6540	0,0000	191,5500	PR	AGAVE MOVEIS E DECORACOES LTDA	02/03/2026	CONDOMÍNIOS/ASSOCIAÇŐES/CLUBES
04/03/2026	4605	2R COMERCIO DE COMBUSTIVEIS LTDA	100009.0081	LIXEIRA BRAVO SIMPLES PARAF. GR 7016 FM CST 1 LISO GR 7016 FM	102	BRAVO	2,0000	0,0000	2,0000	1271,4960	02/04/2026	0,00	320,42	36,67	168,92	0,000000	616,9500	0,0000	0,0000	SC	VENDEDOR INTERNO - 3	12/02/2026	REVENDA OUTROS
05/03/2026	4606	MELNICK EVEN GALIO EMPREENDIMENTOS IMOBILIARIO LTDA	100189.0033	LIXEIRA BOX WOOD A - 50L GR R7016 FOSC MICR MAD REFL INCOL UV GLASS	102	BOX	20,0000	0,0000	0,0000	3110,2650	22/04/2026	0,00	11103,65	843,18	3883,73	0,000000	48,4784	0,0000	45,4600	RS	VENDEDOR INTERNO - 3	05/03/2026	CONSTRUTORAS/INCORPORADORAS
06/03/2026	4609	LEGNA REPRESENTACAO COMERCIAL LTDA	200069.0001	BANCO BAILO 700MM CORTEIN MAD REFL CASTA DECK	201	BAILO	11,0000	0,0000	0,0000	1896,8575	30/04/2026	0,00	1460,58	320,18	1474,77	0,000000	989,3375	0,0000	0,0000	PE	LEGNA REPRESENTACAO COMERCIAL LTDA	11/08/2023	DISTRIBUIDOR AUTORIZADO BLACK
06/03/2026	4609	LEGNA REPRESENTACAO COMERCIAL LTDA	200065.0022	BANCO BAILO COM ENCOSTO CORTEIN MAD REFL CASTA DECK	201	BAILO	8,0000	0,0000	0,0000	2351,6068	30/04/2026	0,00	1316,90	288,68	1329,69	0,000000	1368,8494	0,0000	0,0000	PE	LEGNA REPRESENTACAO COMERCIAL LTDA	11/08/2023	DISTRIBUIDOR AUTORIZADO BLACK
06/03/2026	4612	COOP DE CRED POUPANCA E INVEST DAS REGIOES CENTRO DO CENTRO DO RS E MG	300010.0024	BANCO SARAH CT CZ VERNIZ	301	SARAH	1,0000	0,0000	1,0000	2400,6986	08/04/2026	0,00	408,12	32,88	151,44	0,000000	408,4009	0,0000	208,2600	RS	VENDEDOR INTERNO - 3	02/03/2026	CONDOMÍNIOS/ASSOCIAÇŐES/CLUBES
06/03/2026	4611	SECRETARIA DE PROJETOS ESTRATEGICOS	ADM-0043	PRESTACAO DE SERVICO DE MONTAGEM	10	SERVICO	1,0000	0,0000	0,0000	780087,9500	30/04/2026	0,00	0,00	12871,45	59286,68	0,000000	0,0000	0,0000	0,0000	PE	LEGNA REPRESENTACAO COMERCIAL LTDA	06/03/2026	
09/03/2026	4615	IMART COMERCIO DE EQUIPAMENTOS PARA VAREJO E ESCRITORIOS LTDA	100273.0007	SOMBREAMENTO PETALS VD R6005 FOSC MICR	115	PETALS	1,0000	0,0000	0,0000	22934,9780	27/04/2026	0,00	1605,45	351,94	1621,04	0,000000	540,0000	0,0000	0,0000	GO	O2 - ARQUITETURA E REPRESENTACOES LTDA	22/05/2020	REVENDA DE MÓVEIS CORPORATIVO
09/03/2026	4615	IMART COMERCIO DE EQUIPAMENTOS PARA VAREJO E ESCRITORIOS LTDA	100025.0009	BICICLETARIO CICLOS ACO CORTEIN	103	CICLOS	2,0000	0,0000	0,0000	1027,8180	27/04/2026	0,00	143,89	31,54	145,29	0,000000	546,8960	0,0000	0,0000	GO	O2 - ARQUITETURA E REPRESENTACOES LTDA	22/05/2020	REVENDA DE MÓVEIS CORPORATIVO
09/03/2026	4615	IMART COMERCIO DE EQUIPAMENTOS PARA VAREJO E ESCRITORIOS LTDA	100034.0060	LIXEIRA SPENCER CZ R7012 FOSC MICR CINZA R7012	102	SPENCER	10,0000	0,0000	0,0000	913,5445	27/04/2026	0,00	639,48	140,18	645,69	0,000000	670,0000	0,0000	0,0000	GO	O2 - ARQUITETURA E REPRESENTACOES LTDA	22/05/2020	REVENDA DE MÓVEIS CORPORATIVO
09/03/2026	4615	IMART COMERCIO DE EQUIPAMENTOS PARA VAREJO E ESCRITORIOS LTDA	300013.0005	FLOREIRA CLASSICA 570 CT CZ HIDROREP.	302	CLASSICA	3,0000	0,0000	0,0000	623,1500	27/04/2026	0,00	130,86	28,69	132,13	0,000000	66,0919	0,0000	221,2550	GO	O2 - ARQUITETURA E REPRESENTACOES LTDA	22/05/2020	REVENDA DE MÓVEIS CORPORATIVO
09/03/2026	4615	IMART COMERCIO DE EQUIPAMENTOS PARA VAREJO E ESCRITORIOS LTDA	300110.0003	BANCO STONE G CT CZ HIDROR	301	STONE	5,0000	0,0000	0,0000	2501,4055	27/04/2026	0,00	875,49	191,92	884,00	0,000000	1145,6144	0,0000	290,3000	GO	O2 - ARQUITETURA E REPRESENTACOES LTDA	22/05/2020	REVENDA DE MÓVEIS CORPORATIVO
09/03/2026	4615	IMART COMERCIO DE EQUIPAMENTOS PARA VAREJO E ESCRITORIOS LTDA	300125.0001	BANCO STONE M CT CZ HIDROR	301	STONE	5,0000	0,0000	0,0000	2162,0445	27/04/2026	0,00	756,72	165,88	764,07	0,000000	861,2684	0,0000	233,7400	GO	O2 - ARQUITETURA E REPRESENTACOES LTDA	22/05/2020	REVENDA DE MÓVEIS CORPORATIVO
09/03/2026	4615	IMART COMERCIO DE EQUIPAMENTOS PARA VAREJO E ESCRITORIOS LTDA	300131.0002	FLOREIRA ONDA FC CT CZ HIDROR	302	ONDA	2,0000	0,0000	0,0000	1577,8785	27/04/2026	0,00	220,90	48,43	223,05	0,000000	821,9466	0,0000	234,2600	GO	O2 - ARQUITETURA E REPRESENTACOES LTDA	22/05/2020	REVENDA DE MÓVEIS CORPORATIVO
09/03/2026	4615	IMART COMERCIO DE EQUIPAMENTOS PARA VAREJO E ESCRITORIOS LTDA	300127.0009	BANCO ONDA B MAD REFL CASTA DECK CT CZ HIDROR	301	ONDA	5,0000	0,0000	0,0000	2805,1540	27/04/2026	0,00	981,80	215,23	991,34	0,000000	1420,3117	0,0000	186,0900	GO	O2 - ARQUITETURA E REPRESENTACOES LTDA	22/05/2020	REVENDA DE MÓVEIS CORPORATIVO
09/03/2026	4615	IMART COMERCIO DE EQUIPAMENTOS PARA VAREJO E ESCRITORIOS LTDA	300128.0003	BANCO ONDA A CT CZ HIDROR	301	ONDA	3,0000	0,0000	0,0000	1676,3780	27/04/2026	0,00	352,04	77,17	355,46	0,000000	831,7843	0,0000	186,0900	GO	O2 - ARQUITETURA E REPRESENTACOES LTDA	22/05/2020	REVENDA DE MÓVEIS CORPORATIVO
09/03/2026	4614	CONDOMINIO EDIFICIO ARON BIRMANN	200118.0001	ASSENTO ENCOSTO BANCO 2DWS (501537) MAD NOB CASTA DECK	201	ONDA	1,0000	0,0000	1,0000	2783,9164	08/04/2026	0,00	344,93	40,24	185,36	0,000000	921,9900	0,0000	0,0000	SP	METALCO DO BRASIL LTDA	03/05/2024	CONDOMÍNIOS/ASSOCIAÇŐES/CLUBES
09/03/2026	4616	CONZATTI ENGENHARIA LTDA	300121.0009	LIXEIRA DOHA SEM TAMPA CZ 9007 FM CT CZ HIDROR	305	DOHA	38,0000	0,0000	38,0000	1680,3524	23/03/2026	0,00	10855,08	874,47	4027,87	0,000000	335,3505	0,0000	137,5600	RS	VENDEDOR INTERNO - 3	17/02/2026	CONSTRUTORAS/INCORPORADORAS
10/03/2026	4617	IMPORTADORA Y COMERCIALIZADORA BROWN S.A.	500955	BANCO CHILE 400	112	ITENS ESPECIAIS	1,0000	0,0000	1,0000	1175,0100	07/09/2026	0,00	0,00	0,00	0,00	0,000000	1034,0100	0,0000	0,0000	CHL	VENDEDOR INTERNO - 3	10/03/2026	
10/03/2026	4617	IMPORTADORA Y COMERCIALIZADORA BROWN S.A.	500956	BANCO COM FLOREIRA CHILE 1400	112	ITENS ESPECIAIS	1,0000	0,0000	1,0000	3451,6000	07/09/2026	0,00	0,00	0,00	0,00	0,000000	3037,4000	0,0000	0,0000	CHL	VENDEDOR INTERNO - 3	10/03/2026	
11/03/2026	4619	OMP DO BRASIL	500209	BASE DE CONCRETO CINZA GECKO	307	PISO	1,0000	0,0000	1,0000	101,6080	17/03/2026	0,00	12,19	1,48	6,80	0,000000	37,5198	0,0000	44,0700	RS	METALCO DO BRASIL LTDA	23/11/2015	INDUSTRIA DE MÓVEIS CORPORATIV
11/03/2026	4620	FUNDO DA SECRETARIA MUNICIPAL DE INFRAESTRUTURA E URBANIZACAO	300054.0029	BANCO DIAMANTE MODULAR - LEGNO ASSENTO DUPLO CT BC VERNIZ PE C GR 7016	301	DIAMANTE	10,0000	0,0000	8,0000	16000,0000	24/04/2026	24140,00	11200,00	2026,20	9332,80	0,000000	2645,0903	0,0000	216,5500	AL	ESCRITEC COMERCIO E SERVICOS LTDA	19/11/2024	ORGAO PUBLICO MUNICIPAL
11/03/2026	4620	FUNDO DA SECRETARIA MUNICIPAL DE INFRAESTRUTURA E URBANIZACAO	300066.0015	BANCO DEMETRA 1800 POWER LIGHT CT BC VERNIZ C/SIST ILUM C/USB	301	DEMETRA	5,0000	0,0000	3,0000	5048,0000	24/04/2026	3808,09	1766,80	319,63	1472,25	0,000000	1515,6772	0,0000	291,0000	AL	ESCRITEC COMERCIO E SERVICOS LTDA	19/11/2024	ORGAO PUBLICO MUNICIPAL
11/03/2026	4620	FUNDO DA SECRETARIA MUNICIPAL DE INFRAESTRUTURA E URBANIZACAO	300002.0027	BANCO DIAMANTE CURVO CT BC VERNIZ PE C GR R7016 FOSC MICR	301	DIAMANTE	12,0000	0,0000	10,0000	6500,0000	24/04/2026	11768,25	5460,00	987,77	4549,74	0,000000	1847,8028	0,0000	218,8250	AL	ESCRITEC COMERCIO E SERVICOS LTDA	19/11/2024	ORGAO PUBLICO MUNICIPAL
11/03/2026	4620	FUNDO DA SECRETARIA MUNICIPAL DE INFRAESTRUTURA E URBANIZACAO	300136.0002	BANCO ONDA D COM USB CT BC VERNIZ	301	ONDA	1,0000	0,0000	1,0000	8000,0000	24/04/2026	1207,00	560,00	101,31	466,64	0,000000	1233,5267	0,0000	159,6300	AL	ESCRITEC COMERCIO E SERVICOS LTDA	19/11/2024	ORGAO PUBLICO MUNICIPAL
11/03/2026	4622	CAPINAMES PRESTADORA DE SERVICOS LTDA	100030.0081	LIXEIRA BRAVO DUPLA PARAF. PR 9005 FM VD 6005 FM CST 1 LISO CST 2 LISO	102	BRAVO	2,0000	0,0000	0,0000	2519,8178	23/04/2026	0,00	899,58	68,31	314,64	0,000000	656,1000	0,0000	0,0000	RS	VENDEDOR INTERNO - 3	11/03/2026	CONSTRUTORAS/INCORPORADORAS
11/03/2026	4622	CAPINAMES PRESTADORA DE SERVICOS LTDA	300175.0002	BANCO SARAH B CT CZ VERNIZ	301	SARAH	6,0000	0,0000	0,0000	3403,8090	23/04/2026	0,00	3471,88	279,69	1288,27	0,000000	570,7080	0,0000	353,1100	RS	VENDEDOR INTERNO - 3	11/03/2026	CONSTRUTORAS/INCORPORADORAS
12/03/2026	4623	PG12 EMPREENDIMENTO IMOBILIARIO LTDA	300010.0024	BANCO SARAH CT CZ VERNIZ	301	SARAH	1,0000	0,0000	0,0000	2240,9170	05/05/2026	0,00	268,91	32,54	149,87	0,000000	408,4009	0,0000	208,2600	SP	VENDEDOR INTERNO - 5	12/03/2026	CONSTRUTORAS/INCORPORADORAS
13/03/2026	4625	OMP DO BRASIL	900084	ETIQUETA DE ALUMINIO METALCO 60 X 12 MM	9105	COMPRAS	600,0000	0,0000	600,0000	2,4971	09/09/2026	0,00	179,79	21,75	100,20	2,401400	0,0000	0,0000	0,0000	RS	METALCO DO BRASIL LTDA	23/11/2015	INDUSTRIA DE MÓVEIS CORPORATIV
13/03/2026	4625	OMP DO BRASIL	900420	ETIQUETA ADESIVA METALCO REDONDA 36MM	9105	COMPRAS	250,0000	0,0000	250,0000	2,8475	09/09/2026	0,00	85,43	10,34	47,61	2,377000	0,0000	0,0000	0,0000	RS	METALCO DO BRASIL LTDA	23/11/2015	INDUSTRIA DE MÓVEIS CORPORATIV
13/03/2026	4627	PREFEITURA MUNICIPAL DE PRAIA GRANDE / SP	100011.0022	BEBEDOURO FUENTE GR R7016 FOSC MICR C/FILTRO	109	FUENTE	2,0000	0,0000	2,0000	3533,3333	07/04/2026	542,93	890,40	92,95	428,13	0,000000	1389,9400	0,0000	0,0000	SP	METALCO DO BRASIL LTDA	08/02/2022	ORGAO PUBLICO MUNICIPAL
13/03/2026	4627	PREFEITURA MUNICIPAL DE PRAIA GRANDE / SP	100193.0014	BEBEDOURO FLUENTE PET GR R7016 FOSC MICR C/FILTRO	109	FUENTE	1,0000	0,0000	1,0000	4725,7142	07/04/2026	363,07	595,44	62,16	286,31	0,000000	1326,6000	0,0000	0,0000	SP	METALCO DO BRASIL LTDA	08/02/2022	ORGAO PUBLICO MUNICIPAL
16/03/2026	4629	PREFEITURA MUNICIPAL DE PRAIA GRANDE / SP	100193.0014	BEBEDOURO FLUENTE PET GR R7016 FOSC MICR C/FILTRO	109	FUENTE	1,0000	0,0000	1,0000	4725,7142	07/04/2026	363,07	595,44	62,16	286,31	0,000000	1326,6000	0,0000	0,0000	SP	METALCO DO BRASIL LTDA	08/02/2022	ORGAO PUBLICO MUNICIPAL
16/03/2026	4628	PREFEITURA MUNICIPAL DE PRAIA GRANDE / SP	100193.0014	BEBEDOURO FLUENTE PET GR R7016 FOSC MICR C/FILTRO	109	FUENTE	1,0000	0,0000	1,0000	4725,7142	07/04/2026	363,07	595,44	62,16	286,31	0,000000	1326,6000	0,0000	0,0000	SP	METALCO DO BRASIL LTDA	08/02/2022	ORGAO PUBLICO MUNICIPAL
16/03/2026	4629	PREFEITURA MUNICIPAL DE PRAIA GRANDE / SP	100011.0022	BEBEDOURO FUENTE GR R7016 FOSC MICR C/FILTRO	109	FUENTE	1,0000	0,0000	1,0000	3533,3333	07/04/2026	271,46	445,20	46,48	214,07	0,000000	1389,9400	0,0000	0,0000	SP	METALCO DO BRASIL LTDA	08/02/2022	ORGAO PUBLICO MUNICIPAL
16/03/2026	4630	CONDOMINIO VENTURA CORPORATE TOWERS	100157.0005	LIXEIRA BOX SOLID B - 100 L GR R7016 FOSC MICR GR R7016 FOSC MICR	102	BOX	1,0000	0,0000	0,0000	3141,9080	27/04/2026	348,51	395,88	38,33	176,55	0,000000	7,9456	0,0000	0,0000	RJ	METALCO DO BRASIL LTDA	09/07/2025	CONDOMÍNIOS/ASSOCIAÇŐES/CLUBES
16/03/2026	4631	CONSTRUTORA AVILA LTDA	300003.0189	BANCO MALY CINZA VERNIZ PRETO R9005 FLORES DA CUNHA	301	MALY	23,0000	0,0000	0,0000	2063,7120	29/04/2026	0,00	8069,11	650,04	2994,12	0,000000	475,0923	0,0000	127,0750	RS	HUBB SERVICOS DE INSTALACOES E MONTAGENS LTDA	16/03/2026	CONSTRUTORAS/INCORPORADORAS
16/03/2026	4631	CONSTRUTORA AVILA LTDA	100030.0057	LIXEIRA BRAVO DUPLA PARAF. PR 9005 FM PR 9005 FM CST 1 LISO CST 2 LISO	102	BRAVO	9,0000	0,0000	0,0000	2490,1716	29/04/2026	0,00	4000,46	303,78	1399,24	0,000000	847,6100	0,0000	0,0000	RS	HUBB SERVICOS DE INSTALACOES E MONTAGENS LTDA	16/03/2026	CONSTRUTORAS/INCORPORADORAS
17/03/2026	4632	ALDORI CONSTRUCOES LTDA	100158.0009	LIXEIRA SPENCER RETANGULAR GR R7016 FOSC MICR	102	SPENCER	4,0000	0,0000	0,0000	1334,9025	29/04/2026	0,00	953,12	72,38	333,37	0,000000	0,0000	0,0000	0,0000	RS	HUBB SERVICOS DE INSTALACOES E MONTAGENS LTDA	17/03/2026	CONSTRUTORAS/INCORPORADORAS
17/03/2026	4632	ALDORI CONSTRUCOES LTDA	300096.0005	BANCO VENEZIA 1900 MM CT CZ VERNIZ	301	VENEZIA	3,0000	0,0000	0,0000	1000,0758	29/04/2026	0,00	510,04	41,09	189,25	0,000000	207,6771	0,0000	206,8000	RS	HUBB SERVICOS DE INSTALACOES E MONTAGENS LTDA	17/03/2026	CONSTRUTORAS/INCORPORADORAS
19/03/2026	4638	ASSOCIACAO DO COMERCIO, INDUSTRIA E SERVICOS DE CARLOS BARBOSA	100017.0012	BANCO LIBRE PLANO ACO CORTEIN PE FX CZ R7001 FOSC MICR	101	LIBRE	2,0000	0,0000	0,0000	4239,8127	06/05/2026	0,00	1488,39	115,36	531,33	0,000000	0,0000	0,0000	0,0000	RS	HUBB SERVICOS DE INSTALACOES E MONTAGENS LTDA	19/03/2026	CONDOMÍNIOS/ASSOCIAÇŐES/CLUBES
19/03/2026	4638	ASSOCIACAO DO COMERCIO, INDUSTRIA E SERVICOS DE CARLOS BARBOSA	100028.0015	BANCO LIBRE SETOR CONVEXO ACO CORTEIN PE FX CZ R7001 FOSC MICR	101	LIBRE	2,0000	0,0000	0,0000	15153,7700	06/05/2026	0,00	5319,73	412,30	1899,07	0,000000	0,0000	0,0000	0,0000	RS	HUBB SERVICOS DE INSTALACOES E MONTAGENS LTDA	19/03/2026	CONDOMÍNIOS/ASSOCIAÇŐES/CLUBES
19/03/2026	4638	ASSOCIACAO DO COMERCIO, INDUSTRIA E SERVICOS DE CARLOS BARBOSA	100028.0014	BANCO LIBRE SETOR CONCAVO ACO CORTEIN PE FX CZ R7001 FOSC MICR	101	LIBRE	2,0000	0,0000	0,0000	15153,7700	06/05/2026	0,00	5319,73	412,30	1899,07	0,000000	0,0000	0,0000	0,0000	RS	HUBB SERVICOS DE INSTALACOES E MONTAGENS LTDA	19/03/2026	CONDOMÍNIOS/ASSOCIAÇŐES/CLUBES
19/03/2026	4638	ASSOCIACAO DO COMERCIO, INDUSTRIA E SERVICOS DE CARLOS BARBOSA	100022.0010	BANCO LIBRE HALF ESQ ACO CORTEIN PE FX CZ R7001 FOSC MICR	101	LIBRE	2,0000	0,0000	0,0000	8736,0500	06/05/2026	0,00	3066,79	237,69	1094,80	0,000000	0,0000	0,0000	0,0000	RS	HUBB SERVICOS DE INSTALACOES E MONTAGENS LTDA	19/03/2026	CONDOMÍNIOS/ASSOCIAÇŐES/CLUBES
19/03/2026	4638	ASSOCIACAO DO COMERCIO, INDUSTRIA E SERVICOS DE CARLOS BARBOSA	100021.0013	BANCO LIBRE HALF DIR ACO CORTEIN PE FX CZ R7001 FOSC MICR	101	LIBRE	2,0000	0,0000	0,0000	8736,0500	06/05/2026	0,00	3066,79	237,69	1094,80	0,000000	0,0000	0,0000	0,0000	RS	HUBB SERVICOS DE INSTALACOES E MONTAGENS LTDA	19/03/2026	CONDOMÍNIOS/ASSOCIAÇŐES/CLUBES
20/03/2026	4640	LEGNA REPRESENTACAO COMERCIAL LTDA	300006.0019	BALIZADOR BOLA CT CZ HIDROR C/ FIX C/EMB	303	BOLA	2,0000	0,0000	0,0000	334,9780	22/04/2026	0,00	46,90	10,28	47,35	0,000000	84,0169	0,0000	49,5000	PE	LEGNA REPRESENTACAO COMERCIAL LTDA	11/08/2023	DISTRIBUIDOR AUTORIZADO BLACK
20/03/2026	4640	LEGNA REPRESENTACAO COMERCIAL LTDA	300106.0011	BANCO VENEZIA C - ASSENTO DUPLO CT CZ HIDROR MAD REFL CASTA DECK C/EMB	301	VENEZIA	1,0000	0,0000	0,0000	1811,9913	22/04/2026	0,00	126,84	27,80	128,07	0,000000	658,2577	0,0000	194,3000	PE	LEGNA REPRESENTACAO COMERCIAL LTDA	11/08/2023	DISTRIBUIDOR AUTORIZADO BLACK
20/03/2026	4640	LEGNA REPRESENTACAO COMERCIAL LTDA	300072.0003	FLOREIRA DEMETRA ARTEMIDE 1200 CT CZ VERNIZ	302	DEMETRA	2,0000	0,0000	0,0000	1407,8149	22/04/2026	0,00	197,09	43,21	199,01	0,000000	546,8420	0,0000	282,1000	PE	LEGNA REPRESENTACAO COMERCIAL LTDA	11/08/2023	DISTRIBUIDOR AUTORIZADO BLACK
23/03/2026	4643	JACAREI INCORPORADORA LTDA	500510.0001	ABRIGO PARA EQUIPAMENTOS SALVA VIDAS GR R7016 FOSC MICR	500	ITENS ESPECIAIS	1,0000	0,0000	0,0000	3754,6200	29/04/2026	288,46	473,08	49,39	227,47	0,000000	968,5600	0,0000	0,0000	SP	METALCO DO BRASIL LTDA	23/03/2026	CONSTRUTORAS/INCORPORADORAS
24/03/2026	4645	P630 EMPREENDIMENTO IMOBILIARIO SPE LTDA	300003.0190	BANCO MALY CINZA HIDROREPELENTE GRAFITE R7016 PORTE	301	MALY	4,0000	0,0000	0,0000	2175,0055	28/04/2026	636,59	1044,00	115,82	533,48	0,000000	475,2518	0,0000	127,0750	SP	METALCO DO BRASIL LTDA	24/03/2026	CONSTRUTORAS/INCORPORADORAS
25/03/2026	4648	NBM ENGENHARIA E CONSTRUCAO LTDA	100193.0014	BEBEDOURO FLUENTE PET GR R7016 FOSC MICR C/FILTRO	109	FUENTE	1,0000	0,0000	0,0000	3829,8942	04/05/2026	0,00	482,57	55,23	254,40	0,000000	1326,6000	0,0000	0,0000	SP	VENDEDOR INTERNO - 3	25/03/2026	CONSTRUTORAS/INCORPORADORAS
25/03/2026	4648	NBM ENGENHARIA E CONSTRUCAO LTDA	300010.0026	BANCO SARAH CT BC VERNIZ C/EMB	301	SARAH	5,0000	0,0000	0,0000	3234,4650	04/05/2026	0,00	1940,68	234,82	1081,61	0,000000	953,4977	0,0000	208,2600	SP	VENDEDOR INTERNO - 3	25/03/2026	CONSTRUTORAS/INCORPORADORAS
25/03/2026	4648	NBM ENGENHARIA E CONSTRUCAO LTDA	100058.0005	BICICLETARIO CAFE GR R7016 FOSC MICR	103	CAFE	2,0000	0,0000	0,0000	1117,6200	04/05/2026	0,00	281,64	32,23	148,47	0,000000	0,0000	0,0000	0,0000	SP	VENDEDOR INTERNO - 3	25/03/2026	CONSTRUTORAS/INCORPORADORAS
25/03/2026	4650	ASSOCIACAO DO RESIDENCIAL ARAGUARI	200065.0052	BANCO BAILO C 1800 MM PR 9005 FM MAD REFL CASTA DECK C/ FIX	201	BAILO	2,0000	0,0000	0,0000	3276,8535	07/05/2026	630,44	812,01	84,34	388,46	0,000000	58,0358	0,0000	0,0000	PR	AGAVE MOVEIS E DECORACOES LTDA	25/03/2026	CONDOMÍNIOS/ASSOCIAÇŐES/CLUBES
25/03/2026	4650	ASSOCIACAO DO RESIDENCIAL ARAGUARI	100237.0002	LIXEIRA BRAVO COLONIAL SIMPLES C/COBERTURA PR R9005 FOSC MICR PR 9005	102	BRAVO	2,0000	0,0000	0,0000	1237,9540	07/05/2026	242,21	311,97	31,71	146,05	0,000000	558,9800	0,0000	0,0000	PR	AGAVE MOVEIS E DECORACOES LTDA	25/03/2026	CONDOMÍNIOS/ASSOCIAÇŐES/CLUBES
25/03/2026	4650	ASSOCIACAO DO RESIDENCIAL ARAGUARI	300183.0003	PING PONG TABLE CT CZ HIDROR PR 9005 FM	308	PING PONG	1,0000	0,0000	0,0000	5583,9627	07/05/2026	520,24	670,08	72,50	333,92	0,000000	1819,1530	0,0000	428,8500	PR	AGAVE MOVEIS E DECORACOES LTDA	25/03/2026	CONDOMÍNIOS/ASSOCIAÇŐES/CLUBES
25/03/2026	4650	ASSOCIACAO DO RESIDENCIAL ARAGUARI	100263.0009	MESA AIR CIRCLE - A VM 2002 FM CZ 9007 FM	111	AIR/PIC NIC	2,0000	0,0000	0,0000	4363,0004	07/05/2026	853,63	1099,48	111,75	514,74	0,000000	93,4375	0,0000	0,0000	PR	AGAVE MOVEIS E DECORACOES LTDA	25/03/2026	CONDOMÍNIOS/ASSOCIAÇŐES/CLUBES
25/03/2026	4650	ASSOCIACAO DO RESIDENCIAL ARAGUARI	200066.0008	BANCO BAILO D 1800 MM S/ENCOSTO PR 9005 FM MAD REFL CASTA DECK	201	BAILO	4,0000	0,0000	0,0000	2657,4507	07/05/2026	1022,54	1317,03	136,79	630,06	0,000000	58,0358	0,0000	0,0000	PR	AGAVE MOVEIS E DECORACOES LTDA	25/03/2026	CONDOMÍNIOS/ASSOCIAÇŐES/CLUBES
26/03/2026	4654	CONDOMINIO EDIFICIO ARON BIRMANN	100193.0014	BEBEDOURO FLUENTE PET GR R7016 FOSC MICR C/FILTRO	109	FUENTE	1,0000	0,0000	0,0000	4098,4841	04/05/2026	314,88	516,41	53,91	248,31	0,000000	1326,6000	0,0000	0,0000	SP	METALCO DO BRASIL LTDA	03/05/2024	CONDOMÍNIOS/ASSOCIAÇŐES/CLUBES
26/03/2026	4654	CONDOMINIO EDIFICIO ARON BIRMANN	100189.0018	LIXEIRA BOX WOOD 50 L GR R7016 FOSC MICR MAD REFL CASTA DECK	102	BOX	1,0000	0,0000	0,0000	3239,4150	04/05/2026	248,88	408,17	42,61	196,26	0,000000	1133,7500	0,0000	0,0000	SP	METALCO DO BRASIL LTDA	03/05/2024	CONDOMÍNIOS/ASSOCIAÇŐES/CLUBES
26/03/2026	4653	AV MOBILIARIOS CORPORATIVOS LTDA	100193.0014	BEBEDOURO FLUENTE PET GR R7016 FOSC MICR C/FILTRO	109	FUENTE	1,0000	0,0000	1,0000	2223,4674	15/04/2026	0,00	274,82	33,25	153,17	0,000000	1326,6000	0,0000	0,0000	MG	AV MOBILIARIOS CORPORATIVOS LTDA	23/09/2024	DISTRIBUIDOR AUTORIZADO BLACK
27/03/2026	4655	OMP DO BRASIL	500762.0002	BASE NOVA MESA CONCRETUM CT BC VERNIZ	500	ITENS ESPECIAIS	4,0000	0,0000	0,0000	257,2174	22/04/2026	0,00	123,47	14,94	68,81	0,000000	105,3996	0,0000	78,4800	RS	METALCO DO BRASIL LTDA	23/11/2015	INDUSTRIA DE MÓVEIS CORPORATIV
30/03/2026	4656	CONSTRUTEC MS CONSTRUTORA LTDA	200065.0029	BANCO BAILO COM ENCOSTO GR 7016 FM MAD REFL CASTA DECK	201	BAILO	1,0000	0,0000	0,0000	4487,8428	28/04/2026	0,00	787,73	61,05	281,21	0,000000	1998,3888	0,0000	0,0000	RS	VENDEDOR INTERNO - 5	30/03/2026	CONSTRUTORAS/INCORPORADORAS
31/03/2026	4659	VITRINE SOLUCOES CORPORATIVAS LTDA	100010.0012	BICICLETARIO SPYRA 6 PR R9005 FOSC MICR	103	SPYRA	2,0000	0,0000	2,0000	1450,2092	02/04/2026	0,00	353,27	42,75	196,89	0,000000	932,6200	0,0000	0,0000	SP	ROGER CONTE MOBILIARIO CORPORATIVO	25/03/2021	DISTRIBUIDOR AUTORIZADO BLACK
31/03/2026	4658	OMP DO BRASIL	900389	VERGALHAO 1/4"(6,35 MM) X 12 METROS	9010	COMPRAS	200,0000	0,0000	200,0000	1,4034	02/04/2026	0,00	33,68	4,08	18,77	1,127605	0,0000	0,0000	0,0000	RS	METALCO DO BRASIL LTDA	23/11/2015	INDUSTRIA DE MÓVEIS CORPORATIV
31/03/2026	4657	TREND CONSTRUTORA  INCORPORADORA LTDA	100010.0016	BICICLETARIO SPYRA 6 AZ R5010 FOSC MICR	103	SPYRA	1,0000	0,0000	0,0000	2359,1920	24/04/2026	0,00	283,11	34,26	157,78	0,000000	604,1000	0,0000	0,0000	RS	VENDEDOR INTERNO - 3	31/03/2026	CONSTRUTORAS/INCORPORADORAS
01/04/2026	4660	L.M.F. PARTICIPACOES LTDA	200012.0011	BANCO CAMPUS B 1800 S/ ENCOSTO GR R7016 FOSC MICR INCOL UV GLASS MAD R	201	CAMPUS	5,0000	0,0000	0,0000	2543,4295	15/05/2026	0,00	2232,18	173,00	796,86	0,000000	0,0000	0,0000	0,0000	RS	VENDEDOR INTERNO - 3	20/08/2025	OUTROS CONSUM. FINAIS PESSOA J
01/04/2026	4660	L.M.F. PARTICIPACOES LTDA	100189.0033	LIXEIRA BOX WOOD A - 50L GR R7016 FOSC MICR MAD REFL INCOL UV GLASS	102	BOX	1,0000	0,0000	0,0000	2937,4725	15/05/2026	0,00	524,34	39,82	183,40	0,000000	48,4784	0,0000	45,4600	RS	VENDEDOR INTERNO - 3	20/08/2025	OUTROS CONSUM. FINAIS PESSOA J
06/04/2026	4662	PARDO SERVICOS IMOBILIARIOS E ADMINISTRACAO HOTELEIRA S/A	300018.0005	FLOREIRA CRISTINA B 2000 X 700 CT BC HIDROR	302	CRISTINA	9,0000	0,0000	0,0000	1875,6640	24/04/2026	0,00	1181,67	259,04	1193,15	0,000000	1240,0550	0,0000	296,6600	PB	D E H COMERCIO DE PERSIANAS LTDA	06/04/2026	HOTÉIS/RESTAURANTES/CAFÉ
07/04/2026	4668	ARCOS DOURADOS COMERCIO DE ALIMENTOS SA	400006.0002	CONJ MESA RETA C/BANCOS ESTRU PINTADA E FIBRA CELULOSICA	111	ARCOS DOURADOS	1,0000	0,0000	0,0000	3021,5500	27/05/2026	0,00	218,38	46,25	213,04	0,000000	2456,6712	0,0000	0,0000	MS	METALCO DO BRASIL LTDA	05/02/2026	REDES NACIONAIS
07/04/2026	4666	ARCOS DOURADOS PANAMA S.A	400002.0001	CONJ MESA QUADRADA/BANCOS ESTR PINTADA E FIBRA CELULOSICA C/FURO P/OMB	111	ARCOS DOURADOS	3,0000	0,0000	0,0000	1475,4300	28/05/2026	0,00	0,00	0,00	0,00	0,000000	1198,8911	0,0000	0,0000	PN	METALCO DO BRASIL LTDA	15/04/2026	OUTROS CONSUM. FINAIS PESSOA J
07/04/2026	4665	ARCOS DOURADOS PANAMA S.A	400006.0001	CONJ MESA RETA C/BANCOS ESTRU PINTADA E FIBRA CELULOSICA C/FURO P/OMBR	111	ARCOS DOURADOS	3,0000	0,0000	0,0000	1974,5000	28/05/2026	0,00	0,00	0,00	0,00	0,000000	1587,6650	0,0000	0,0000	PN	METALCO DO BRASIL LTDA	15/04/2026	OUTROS CONSUM. FINAIS PESSOA J
07/04/2026	4666	ARCOS DOURADOS PANAMA S.A	400006.0001	CONJ MESA RETA C/BANCOS ESTRU PINTADA E FIBRA CELULOSICA C/FURO P/OMBR	111	ARCOS DOURADOS	3,0000	0,0000	0,0000	1974,5000	28/05/2026	0,00	0,00	0,00	0,00	0,000000	1587,6650	0,0000	0,0000	PN	METALCO DO BRASIL LTDA	15/04/2026	OUTROS CONSUM. FINAIS PESSOA J
07/04/2026	4665	ARCOS DOURADOS PANAMA S.A	400002.0001	CONJ MESA QUADRADA/BANCOS ESTR PINTADA E FIBRA CELULOSICA C/FURO P/OMB	111	ARCOS DOURADOS	3,0000	0,0000	0,0000	1475,4300	28/05/2026	0,00	0,00	0,00	0,00	0,000000	1198,8911	0,0000	0,0000	PN	METALCO DO BRASIL LTDA	15/04/2026	OUTROS CONSUM. FINAIS PESSOA J
08/04/2026	4673	IMART COMERCIO DE EQUIPAMENTOS PARA VAREJO E ESCRITORIOS LTDA	300183.0004	PING PONG TABLE CT CZ HIDROR GR 7016 FM	308	PING PONG	2,0000	0,0000	0,0000	4371,1910	20/05/2026	0,00	630,33	138,18	636,45	0,000000	1065,9930	0,0000	428,8500	GO	O2 - ARQUITETURA E REPRESENTACOES LTDA	22/05/2020	REVENDA DE MÓVEIS CORPORATIVO
08/04/2026	4673	IMART COMERCIO DE EQUIPAMENTOS PARA VAREJO E ESCRITORIOS LTDA	200065.0054	BANCO BAILO C 1800 MM LA 2004 FM MAD REFL CASTA DECK C/ FIX	201	BAILO	4,0000	0,0000	0,0000	2565,1560	20/05/2026	0,00	739,79	162,17	746,98	0,000000	58,0358	0,0000	0,0000	GO	O2 - ARQUITETURA E REPRESENTACOES LTDA	22/05/2020	REVENDA DE MÓVEIS CORPORATIVO
08/04/2026	4673	IMART COMERCIO DE EQUIPAMENTOS PARA VAREJO E ESCRITORIOS LTDA	200065.0042	BANCO BAILO C 1800 MM AZ 5010 FM MAD REFL CASTA DECK	201	BAILO	5,0000	0,0000	0,0000	2565,1560	20/05/2026	0,00	924,74	202,72	933,72	0,000000	58,0358	0,0000	0,0000	GO	O2 - ARQUITETURA E REPRESENTACOES LTDA	22/05/2020	REVENDA DE MÓVEIS CORPORATIVO
08/04/2026	4673	IMART COMERCIO DE EQUIPAMENTOS PARA VAREJO E ESCRITORIOS LTDA	200065.0053	BANCO BAILO C 1800 MM AZ 5021 FM MAD REFL CASTA DECK C/ FIX	201	BAILO	4,0000	0,0000	0,0000	2565,1560	20/05/2026	0,00	739,79	162,17	746,98	0,000000	58,0358	0,0000	0,0000	GO	O2 - ARQUITETURA E REPRESENTACOES LTDA	22/05/2020	REVENDA DE MÓVEIS CORPORATIVO
08/04/2026	4673	IMART COMERCIO DE EQUIPAMENTOS PARA VAREJO E ESCRITORIOS LTDA	200065.0037	BANCO BAILO COM ENCOSTO 1800 MM VM 3003 FM MAD REFL CASTA DECK	201	BAILO	5,0000	0,0000	0,0000	2565,1560	20/05/2026	0,00	924,74	202,72	933,72	0,000000	1270,0340	0,0000	0,0000	GO	O2 - ARQUITETURA E REPRESENTACOES LTDA	22/05/2020	REVENDA DE MÓVEIS CORPORATIVO
08/04/2026	4673	IMART COMERCIO DE EQUIPAMENTOS PARA VAREJO E ESCRITORIOS LTDA	200067.0005	MESA AIR L GR 7016 FM MAD REFL CASTA DECK	202	AIR/PIC NIC	4,0000	0,0000	0,0000	5891,6495	20/05/2026	0,00	1699,15	372,48	1715,66	0,000000	5117,8527	0,0000	0,0000	GO	O2 - ARQUITETURA E REPRESENTACOES LTDA	22/05/2020	REVENDA DE MÓVEIS CORPORATIVO
08/04/2026	4673	IMART COMERCIO DE EQUIPAMENTOS PARA VAREJO E ESCRITORIOS LTDA	100263.0012	MESA AIR CIRCLE - A VD 6027 FM VD 6027 FM	111	AIR/PIC NIC	2,0000	0,0000	0,0000	3415,4065	20/05/2026	0,00	492,50	107,96	497,29	0,000000	93,4375	0,0000	0,0000	GO	O2 - ARQUITETURA E REPRESENTACOES LTDA	22/05/2020	REVENDA DE MÓVEIS CORPORATIVO
08/04/2026	4673	IMART COMERCIO DE EQUIPAMENTOS PARA VAREJO E ESCRITORIOS LTDA	100263.0011	MESA AIR CIRCLE - A VM 3000 FM VM 3000 FM	111	AIR/PIC NIC	2,0000	0,0000	0,0000	3415,4065	20/05/2026	0,00	492,50	107,96	497,29	0,000000	93,4375	0,0000	0,0000	GO	O2 - ARQUITETURA E REPRESENTACOES LTDA	22/05/2020	REVENDA DE MÓVEIS CORPORATIVO
08/04/2026	4673	IMART COMERCIO DE EQUIPAMENTOS PARA VAREJO E ESCRITORIOS LTDA	100263.0010	MESA AIR CIRCLE - A AM 1021 FM AM 1021 FM	111	AIR/PIC NIC	2,0000	0,0000	0,0000	3415,4065	20/05/2026	0,00	492,50	107,96	497,29	0,000000	93,4375	0,0000	0,0000	GO	O2 - ARQUITETURA E REPRESENTACOES LTDA	22/05/2020	REVENDA DE MÓVEIS CORPORATIVO
08/04/2026	4670	AY2 CTB INCORPORACOES SPE LTDA	500436.0005	BANCO STONE P FIBRA BRANCO R9010 FOSCO	499	STONE	3,0000	0,0000	0,0000	10124,7740	05/10/2026	2923,82	3765,88	391,13	1801,57	0,000000	2168,8968	0,0000	10,0000	PR	KAZI REPRESENTAÇŐES COMERCIAIS EIRELI - ME	09/04/2026	CONSTRUTORAS/INCORPORADORAS
09/04/2026	4674	NOVO CARACOL E TAINHAS S.A.	200065.0029	BANCO BAILO COM ENCOSTO GR 7016 FM MAD REFL CASTA DECK	201	BAILO	2,0000	0,0000	0,0000	5050,6529	15/05/2026	0,00	1773,03	137,42	632,95	0,000000	1998,3888	0,0000	0,0000	RS	HUBB SERVICOS DE INSTALACOES E MONTAGENS LTDA	03/04/2023	CONDOMÍNIOS/ASSOCIAÇŐES/CLUBES
09/04/2026	4676	LEGNA REPRESENTACAO COMERCIAL LTDA	100190.0030	LIXEIRA BOX WOOD B - 100 L PR 9005 FM MAD REFL CASTA DECK	102	BOX	1,0000	0,0000	0,0000	1955,3756	18/05/2026	0,00	136,88	30,01	138,21	0,000000	1015,8742	0,0000	45,4600	PE	LEGNA REPRESENTACAO COMERCIAL LTDA	11/08/2023	DISTRIBUIDOR AUTORIZADO BLACK
09/04/2026	4675	INK SAO PELEGRINO ACADEMIA E COMERCIO DE ARTIGOS ESPORTIVOS LTDA	300096.0005	BANCO VENEZIA 1900 MM CT CZ VERNIZ	301	VENEZIA	1,0000	0,0000	0,0000	1386,5300	04/05/2026	0,00	235,71	18,99	87,46	0,000000	207,6771	0,0000	206,8000	RS	HUBB SERVICOS DE INSTALACOES E MONTAGENS LTDA	03/05/2024	REVENDA OUTROS
10/04/2026	4679	IMART COMERCIO DE EQUIPAMENTOS PARA VAREJO E ESCRITORIOS LTDA	300220.0001	FUT TABLE CT CZ HIDROR GR 7016 FM	308	PING PONG	1,0000	0,0000	0,0000	6022,1975	07/10/2026	0,00	434,20	95,18	438,42	0,000000	511,4072	0,0000	416,1500	GO	O2 - ARQUITETURA E REPRESENTACOES LTDA	22/05/2020	REVENDA DE MÓVEIS CORPORATIVO
10/04/2026	4679	IMART COMERCIO DE EQUIPAMENTOS PARA VAREJO E ESCRITORIOS LTDA	500970.0001	BICICLETARIO SNAKE ESPECIAL GR R7016 FOSC MICR	103	ITENS ESPECIAIS	2,0000	0,0000	0,0000	1082,1250	07/10/2026	0,00	156,04	34,21	157,56	0,000000	0,0000	0,0000	0,0000	GO	O2 - ARQUITETURA E REPRESENTACOES LTDA	22/05/2020	REVENDA DE MÓVEIS CORPORATIVO
10/04/2026	4677	IMART COMERCIO DE EQUIPAMENTOS PARA VAREJO E ESCRITORIOS LTDA	300006.0019	BALIZADOR BOLA CT CZ HIDROR C/ FIX C/EMB	303	BOLA	31,0000	0,0000	0,0000	359,8045	27/04/2026	0,00	780,78	171,16	788,36	0,000000	84,0169	0,0000	49,5000	GO	O2 - ARQUITETURA E REPRESENTACOES LTDA	22/05/2020	REVENDA DE MÓVEIS CORPORATIVO
10/04/2026	4678	M T CONSTRUCOES LTDA	300106.0008	BANCO VENEZIA C - ASSENTO DUPLO CT BC VERNIZ MAD REFL CASTA DECK C/EMB	301	VENEZIA	4,0000	0,0000	0,0000	5456,3000	08/05/2026	3772,84	1527,76	268,39	1236,22	0,000000	787,7999	0,0000	194,3000	AL	ESCRITEC COMERCIO E SERVICOS LTDA	10/04/2026	CONSTRUTORAS/INCORPORADORAS
13/04/2026	4684	DWORKIN COMERCIO DE MOVEIS LTDA	300003.0193	BANCO MALY CINZA HIDROREPELENTE PRETO R9005 RESERVAS DO SUL	301	MALY	2,0000	0,0000	0,0000	1179,9618	25/05/2026	0,00	283,19	34,27	157,83	0,000000	451,4796	0,0000	127,0750	SP	DWORKIN COMERCIO DE MOVEIS LTDA	04/06/2024	DISTRIBUIDOR AUTORIZADO GOLD
13/04/2026	4684	DWORKIN COMERCIO DE MOVEIS LTDA	100032.0010	LIXEIRA TULIP ACO CORTEIN	102	TULIP	11,0000	0,0000	0,0000	1765,3397	25/05/2026	0,00	2330,25	281,96	1298,73	0,000000	0,0000	0,0000	0,0000	SP	DWORKIN COMERCIO DE MOVEIS LTDA	04/06/2024	DISTRIBUIDOR AUTORIZADO GOLD
13/04/2026	4684	DWORKIN COMERCIO DE MOVEIS LTDA	300003.0192	BANCO MALY CINZA HIDROREPELENTE PRETO R9005 HAYASAKI	301	MALY	2,0000	0,0000	0,0000	1179,9618	25/05/2026	0,00	283,19	34,27	157,83	0,000000	451,4796	0,0000	127,0750	SP	DWORKIN COMERCIO DE MOVEIS LTDA	04/06/2024	DISTRIBUIDOR AUTORIZADO GOLD
13/04/2026	4684	DWORKIN COMERCIO DE MOVEIS LTDA	300003.0194	BANCO MALY CINZA HIDROREPELENTE PRETO R9005 BOTANIC	301	MALY	2,0000	0,0000	0,0000	1179,9618	25/05/2026	0,00	283,19	34,27	157,83	0,000000	451,4796	0,0000	127,0750	SP	DWORKIN COMERCIO DE MOVEIS LTDA	04/06/2024	DISTRIBUIDOR AUTORIZADO GOLD
13/04/2026	4683	ATHIE WOHNRATH ASSOCIADOS PROJETOS CONSTRUCAO E GERENCIAMENTO S.A.	300143.0001	BANCO PANEL ESQUERDO CT BC VERNIZ	301	PANEL	2,0000	0,0000	0,0000	15499,9991	12/10/2026	0,00	3720,00	450,12	2073,28	0,000000	2344,4847	0,0000	423,8000	SP	METALCO DO BRASIL LTDA	13/04/2026	CONSTRUTORAS/INCORPORADORAS
14/04/2026	4688	SECRETARIA DA PROTECAO SOCIAL	100038.0016	BICICLETARIO GUARDIA GR 7016 FM	103	GUARDIA	6,0000	0,0000	0,0000	1980,9525	27/05/2026	2028,00	873,60	148,24	682,79	0,000000	372,8200	0,0000	0,0000	CE	ERGO AMBIENTES COMERCIO E SERVICOS LTDA	14/04/2026	
14/04/2026	4688	SECRETARIA DA PROTECAO SOCIAL	500973.0001	LIXEIRA OSCAR - 40L (600082) PR 9005 FM RECICLAVEL	102	ITENS ESPECIAIS	15,0000	0,0000	0,0000	2956,7809	27/05/2026	7567,51	3259,85	553,15	2547,85	0,000000	493,8935	0,0000	38,0400	CE	ERGO AMBIENTES COMERCIO E SERVICOS LTDA	14/04/2026	
14/04/2026	4688	SECRETARIA DA PROTECAO SOCIAL	500972.0001	BANCO CASTEO W KIDS - 1080 PR R9005 FOSC MICR MAD REFL CASTA DECK	201	ITENS ESPECIAIS	6,0000	0,0000	0,0000	12457,2000	27/05/2026	12540,51	5402,06	937,21	4316,85	0,000000	171,0625	0,0000	0,0000	CE	ERGO AMBIENTES COMERCIO E SERVICOS LTDA	14/04/2026	
14/04/2026	4688	SECRETARIA DA PROTECAO SOCIAL	500971.0001	BANCO CASTEO WB - 1200 PR R9005 FOSC MICR MAD REFL CASTA DECK	201	ITENS ESPECIAIS	15,0000	0,0000	0,0000	7263,9225	27/05/2026	18281,25	7875,00	1366,24	6293,00	0,000000	171,0625	0,0000	0,0000	CE	ERGO AMBIENTES COMERCIO E SERVICOS LTDA	14/04/2026	
15/04/2026	4690	CASA DECOR REPRESENTACOES E SERVICOS EM MOVEIS LTDA	300124.0002	BANCO STONE P CT BC HIDROR	301	STONE	1,0000	0,0000	0,0000	4161,5167	12/10/2026	304,50	499,38	55,40	255,18	0,000000	685,0304	0,0000	193,7300	SP	VENDEDOR INTERNO - 5	15/04/2026	REPRESENTANTE COMERCIAL
15/04/2026	4690	CASA DECOR REPRESENTACOES E SERVICOS EM MOVEIS LTDA	300087.0006	BANCO IBIRAPUERA CT BC HIDROR	301	IBIRAPUERA	2,0000	0,0000	0,0000	4630,8226	12/10/2026	677,68	1111,40	123,30	567,92	0,000000	1440,5180	0,0000	385,1000	SP	VENDEDOR INTERNO - 5	15/04/2026	REPRESENTANTE COMERCIAL
